servicetime,latency,status
0.18356374,0.429453,200
0.024348876,0.033474,200
0.017494353,0.023582,200
0.013903277,0.020751,200
0.014277037,0.019511,200
0.013570739,0.021414,200
0.020174904,0.025931,200
0.015062385,0.021063,200
0.014288664,0.020306,200
0.014142716,0.020789,200
0.02012359,0.026348,200
0.014501227,0.019698,200
0.019001303,0.024867,200
0.019127369,0.025171,200
0.018561788,0.023668,200
0.01747782,0.022948,200
0.014092328,0.020999,200
0.01424241,0.021329,200
0.014302189,0.023037,200
0.020600185,0.032340,200
0.016430626,0.026465,200
0.016394451,0.023052,200
0.018103648,0.045480,200
0.018461335,0.025647,200
0.017919555,0.025975,200
0.01832131,0.024096,200
0.014147586,0.021652,200
0.014670738,0.020099,200
0.013267162,0.019721,200
0.013881453,0.020927,200
0.017359415,0.022576,200
0.014873747,0.030588,200
0.01355526,0.019609,200
0.014792405,0.020074,200
0.015069838,0.029356,200
0.015669867,0.022991,200
0.0143968,0.020693,200
0.013980788,0.019318,200
0.014455405,0.025278,200
0.014214673,0.021453,200
0.01541509,0.020528,200
0.013545792,0.029151,200
0.017475806,0.028755,200
0.017363887,0.022730,200
0.0178836,0.023601,200
0.015001504,0.020321,200
0.014467132,0.019597,200
0.013408243,0.019347,200
0.013450588,0.018877,200
0.014352114,0.020185,200
0.018469984,0.025886,200
0.015369688,0.022563,200
0.017238766,0.023327,200
0.017728204,0.026766,200
0.01829743,0.025821,200
0.018070668,0.023537,200
0.023837088,0.029420,200
0.017050313,0.026759,200
0.013929876,0.021191,200
0.015240382,0.021467,200
0.017270789,0.032040,200
0.015271987,0.020877,200
0.014844224,0.021793,200
0.016413096,0.026619,200
0.017607728,0.023103,200
0.017987132,0.023101,200
0.017888349,0.024468,200
0.01531607,0.022401,200
0.0164848,0.021871,200
0.014657824,0.020053,200
0.017709786,0.023276,200
0.017225655,0.022643,200
0.014223493,0.019588,200
0.01705142,0.022025,200
0.014299336,0.019557,200
0.015029685,0.021164,200
0.013435521,0.019069,200
0.016007721,0.021119,200
0.014130446,0.019149,200
0.016337322,0.021296,200
0.018100137,0.023874,200
0.01425802,0.022143,200
0.020127935,0.025468,200
0.015764918,0.030036,200
0.014056391,0.020055,200
0.014721787,0.024552,200
0.021644272,0.026834,200
0.013390778,0.018490,200
0.019058067,0.024497,200
0.016446577,0.021574,200
0.014846475,0.019775,200
0.014482675,0.020162,200
0.014805344,0.019935,200
0.015624131,0.021080,200
0.015203128,0.021455,200
0.016759597,0.028446,200
0.013258252,0.018499,200
0.014895795,0.019956,200
0.013723215,0.018655,200
0.015498137,0.020507,200
0.015854405,0.022766,200
0.015051828,0.020483,200
0.013820026,0.019107,200
0.015024222,0.020265,200
0.027971812,0.033546,200
0.022654084,0.028186,200
0.021007085,0.026503,200
0.015302422,0.020695,200
0.01877308,0.024810,200
0.019021912,0.026649,200
0.016558815,0.023912,200
0.014370469,0.019910,200
0.022131156,0.029983,200
0.0207173,0.026671,200
0.015364921,0.022529,200
0.015556605,0.021367,200
0.022236526,0.027398,200
0.015077341,0.021659,200
0.015727606,0.021126,200
0.017529212,0.029146,200
0.023419628,0.029060,200
0.014625267,0.020436,200
0.01468385,0.020728,200
0.018156726,0.028130,200
0.019584706,0.025284,200
0.015167641,0.021682,200
0.016217822,0.027940,200
0.021198336,0.051531,200
0.01430926,0.019695,200
0.01427156,0.020770,200
0.019593043,0.024916,200
0.014145056,0.020785,200
0.016898803,0.022366,200
0.013475991,0.018567,200
0.016528659,0.021804,200
0.016298715,0.021706,200
0.01835566,0.024684,200
0.013585275,0.018695,200
0.013927193,0.018929,200
0.020602755,0.028298,200
0.013788009,0.018980,200
0.013413117,0.018710,200
0.013895786,0.019587,200
0.013534732,0.019341,200
0.016352015,0.021320,200
0.019104827,0.024334,200
0.021562472,0.027012,200
0.017832968,0.023452,200
0.014315993,0.020960,200
0.018317789,0.023869,200
0.016028725,0.021715,200
0.014771405,0.023910,200
0.020527303,0.025988,200
0.014962297,0.021630,200
0.014447071,0.019723,200
0.015484857,0.020806,200
0.01614374,0.022742,200
0.014557677,0.019707,200
0.013974755,0.019043,200
0.017143002,0.023129,200
0.019518213,0.024680,200
0.012971989,0.019379,200
0.013577579,0.018763,200
0.015246578,0.020625,200
0.016360352,0.021615,200
0.015835054,0.021122,200
0.01908722,0.024507,200
0.01851372,0.023676,200
0.017514441,0.022805,200
0.018518263,0.023877,200
0.014970748,0.021374,200
0.014540607,0.019749,200
0.016607692,0.022556,200
0.017528469,0.022843,200
0.013212883,0.018303,200
0.014064912,0.019157,200
0.017181756,0.022309,200
0.013965803,0.022003,200
0.02053354,0.025779,200
0.013766585,0.018825,200
0.018754868,0.024101,200
0.012893423,0.019735,200
0.013775307,0.019935,200
0.014305127,0.019256,200
0.013490698,0.018494,200
0.025880491,0.031094,200
0.021999039,0.027477,200
0.014287319,0.020043,200
0.025266388,0.030969,200
0.02168505,0.026915,200
0.014865162,0.022395,200
0.021835782,0.030118,200
0.015699003,0.020885,200
0.018625136,0.023955,200
0.02708342,0.032545,200
0.025320565,0.030531,200
0.025371207,0.030512,200
0.015295289,0.020544,200
0.017792031,0.023175,200
0.0190413,0.024426,200
0.014391273,0.019702,200
0.016869722,0.022407,200
0.014863344,0.020327,200
0.013097214,0.018128,200
0.013245625,0.020065,200
0.014249453,0.020922,200
0.01933265,0.024287,200
0.019149972,0.024242,200
0.01999272,0.025284,200
0.015528209,0.020420,200
0.014028005,0.018794,200
0.014607154,0.019403,200
0.013544115,0.018626,200
0.01410017,0.018911,200
0.018007098,0.023036,200
0.014839236,0.019906,200
0.014920111,0.020017,200
0.017651387,0.022628,200
0.015630623,0.020524,200
0.015047115,0.020019,200
0.017250992,0.022277,200
0.018352972,0.023424,200
0.01826706,0.024538,200
0.013256568,0.018146,200
0.014104771,0.019582,200
0.015264834,0.020110,200
0.014496901,0.019699,200
0.015356122,0.020180,200
0.016033908,0.021025,200
0.016261,0.022754,200
0.017995773,0.028991,200
0.015616056,0.020883,200
0.02406414,0.029615,200
0.02705034,0.035628,200
0.02515576,0.030803,200
0.019243745,0.025080,200
0.024760855,0.031246,200
0.018557347,0.036345,200
0.016641634,0.022721,200
0.015190651,0.021941,200
0.014337668,0.019581,200
0.013876014,0.019261,200
0.015474013,0.031771,200
0.016714383,0.022011,200
0.016581394,0.021844,200
0.01778932,0.023328,200
0.01401842,0.021224,200
0.013961207,0.021680,200
0.014101909,0.020236,200
0.014261012,0.030919,200
0.015199787,0.024749,200
0.014329695,0.034383,200
0.014895,0.021573,200
0.016690537,0.031376,200
0.015763756,0.025074,200
0.020133756,0.048417,200
0.014756176,0.021102,200
0.015483204,0.020402,200
0.020220395,0.025145,200
0.018480957,0.024751,200
0.020173566,0.025269,200
0.018161278,0.023281,200
0.01556145,0.020884,200
0.015399046,0.020567,200
0.014446433,0.019469,200
0.016445413,0.021791,200
0.014222966,0.019296,200
0.01563879,0.020652,200
0.014026196,0.019759,200
0.0159167,0.021888,200
0.019241115,0.027283,200
0.022146188,0.027385,200
0.014653545,0.019747,200
0.022322467,0.027530,200
0.02343846,0.029243,200
0.0136994,0.018903,200
0.020184545,0.025565,200
0.014631266,0.019724,200
0.013458501,0.024321,200
0.018339904,0.030496,200
0.017503971,0.023109,200
0.021260057,0.026448,200
0.015411717,0.027050,200
0.019358505,0.024355,200
0.017498145,0.022609,200
0.01366966,0.018601,200
0.014546306,0.022675,200
0.014638981,0.019841,200
0.014977712,0.019972,200
0.018753298,0.023806,200
0.014121553,0.019344,200
0.014372341,0.019449,200
0.016046928,0.021420,200
0.030399675,0.035897,200
0.013404425,0.018268,200
0.014294419,0.019234,200
0.014418511,0.019281,200
0.013147211,0.018324,200
0.013546433,0.018954,200
0.0157335,0.020833,200
0.027957398,0.033085,200
0.02130586,0.026457,200
0.018984558,0.024242,200
0.013509887,0.018408,200
0.013350489,0.019696,200
0.013431481,0.018444,200
0.013566444,0.018374,200
0.01599428,0.020960,200
0.014948369,0.020681,200
0.014626264,0.019455,200
0.014589549,0.019332,200
0.0156629,0.020590,200
0.014687811,0.019666,200
0.013455075,0.018713,200
0.015105956,0.019976,200
0.01492217,0.020385,200
0.017931337,0.023186,200
0.01435471,0.019109,200
0.015327277,0.020737,200
0.017983183,0.023316,200
0.016928092,0.022135,200
0.013814571,0.019412,200
0.017429603,0.023163,200
0.015527138,0.020394,200
0.020163083,0.025016,200
0.01381759,0.019109,200
0.01652364,0.021474,200
0.013303466,0.018087,200
0.015898976,0.020768,200
0.024433862,0.029764,200
0.014473142,0.019361,200
0.013933918,0.018873,200
0.013953224,0.018819,200
0.01563416,0.020558,200
0.014545268,0.019492,200
0.015587162,0.020648,200
0.018831838,0.023876,200
0.016160497,0.021137,200
0.019642962,0.024748,200
0.017343467,0.022869,200
0.018739196,0.023948,200
0.017758952,0.034265,200
0.018364957,0.023673,200
0.01522825,0.020189,200
0.022494713,0.027966,200
0.019331874,0.024511,200
0.015128938,0.021723,200
0.014361872,0.019235,200
0.018888412,0.024911,200
0.015264065,0.026905,200
0.019942466,0.025617,200
0.01374563,0.018602,200
0.020305768,0.025750,200
0.01525246,0.020264,200
0.014725888,0.019591,200
0.019838315,0.025102,200
0.016099298,0.021248,200
0.017375432,0.022898,200
0.016441504,0.022039,200
0.031195838,0.036251,200
0.014027321,0.020205,200
0.018137312,0.022945,200
0.015864747,0.020854,200
0.015668193,0.020521,200
0.014529274,0.019280,200
0.01851178,0.023671,200
0.021593256,0.027076,200
0.018862512,0.023901,200
0.017123643,0.022289,200
0.01962764,0.026105,200
0.018018687,0.023354,200
0.016397178,0.021511,200
0.016620195,0.021502,200
0.016257511,0.021705,200
0.015177267,0.020448,200
0.017191537,0.022087,200
0.018213795,0.023357,200
0.018118275,0.023632,200
0.018687196,0.023454,200
0.015918871,0.021419,200
0.021492751,0.026316,200
0.014130554,0.024448,200
0.022957448,0.045220,200
0.02039531,0.026647,200
0.016892284,0.022061,200
0.018121747,0.023346,200
0.025402863,0.031626,200
0.01850559,0.031149,200
0.015648058,0.020544,200
0.022145508,0.027240,200
0.01646533,0.021677,200
0.019952187,0.027711,200
0.019922582,0.025071,200
0.017803572,0.023020,200
0.014687828,0.019724,200
0.015540683,0.020561,200
0.014983461,0.020048,200
0.01965039,0.024568,200
0.022997888,0.027854,200
0.020185307,0.025771,200
0.021425636,0.026662,200
0.023838248,0.030122,200
0.022463312,0.029585,200
0.017739773,0.024494,200
0.016222252,0.023021,200
0.021364244,0.026610,200
0.021599244,0.026610,200
0.015719453,0.020592,200
0.01884848,0.023835,200
0.01813307,0.023750,200
0.018857716,0.035569,200
0.022705516,0.027602,200
0.017834071,0.022714,200
0.014019758,0.027805,200
0.016743448,0.022797,200
0.014185749,0.019330,200
0.01848258,0.023550,200
0.021910964,0.026913,200
0.014666118,0.019777,200
0.021351475,0.027005,200
0.019715844,0.024912,200
0.018312577,0.023500,200
0.015934406,0.020990,200
0.015813867,0.020967,200
0.01508464,0.020436,200
0.020305283,0.025390,200
0.02537576,0.033042,200
0.016088676,0.021082,200
0.019388717,0.026245,200
0.020939909,0.026078,200
0.014783381,0.019668,200
0.013740507,0.018639,200
0.015505558,0.020404,200
0.018835591,0.023977,200
0.014347033,0.019298,200
0.017750861,0.022782,200
0.016360642,0.021392,200
0.017115664,0.022119,200
0.017307648,0.022834,200
0.015149677,0.020300,200
0.014401973,0.019362,200
0.013737041,0.019145,200
0.01856082,0.023507,200
0.013594328,0.018585,200
0.01863838,0.025138,200
0.013280776,0.018251,200
0.01343009,0.018423,200
0.022471102,0.027621,200
0.01418374,0.019217,200
0.018461226,0.023665,200
0.013888374,0.018864,200
0.016198887,0.021212,200
0.01849367,0.024216,200
0.01519142,0.020093,200
0.016467327,0.021301,200
0.01592158,0.020941,200
0.020076184,0.025307,200
0.013417122,0.023412,200
0.020415273,0.026357,200
0.021430518,0.026451,200
0.020305004,0.025295,200
0.019321527,0.024392,200
0.019553255,0.024381,200
0.013372146,0.018259,200
0.014173788,0.019286,200
0.01869818,0.025552,200
0.014812923,0.019674,200
0.015515926,0.020217,200
0.014045496,0.024855,200
0.01552479,0.020369,200
0.013204161,0.018150,200
0.021917053,0.026752,200
0.021479268,0.026250,200
0.015878927,0.020627,200
0.013288064,0.018644,200
0.013784851,0.019825,200
0.017867971,0.022980,200
0.016854264,0.021931,200
0.018531026,0.024079,200
0.017792607,0.022842,200
0.012895898,0.017752,200
0.015991352,0.021070,200
0.02099148,0.026185,200
0.026998844,0.032191,200
0.016973155,0.022111,200
0.013910721,0.041263,200
0.013610111,0.019575,200
0.015921822,0.020837,200
0.025051912,0.030495,200
0.030373761,0.035603,200
0.015513934,0.020559,200
0.02407775,0.029406,200
0.022406245,0.027606,200
0.018387532,0.023556,200
0.014580335,0.019555,200
0.013718744,0.018813,200
0.020870484,0.026210,200
0.020696284,0.026366,200
0.015594088,0.021146,200
0.014870061,0.019956,200
0.014608058,0.019529,200
0.013168075,0.018233,200
0.015520594,0.020448,200
0.019888094,0.024906,200
0.013857737,0.019015,200
0.01451607,0.020294,200
0.014947158,0.019886,200
0.016586306,0.021783,200
0.013863055,0.018621,200
0.020794028,0.026754,200
0.016002433,0.020912,200
0.022140175,0.035440,200
0.02130762,0.026259,200
0.015950777,0.021013,200
0.023532316,0.028472,200
0.02462843,0.029547,200
0.016275227,0.021289,200
0.012697641,0.018914,200
0.014852016,0.019824,200
0.015734432,0.020730,200
0.014063693,0.018899,200
0.019747091,0.024644,200
0.015954861,0.020862,200
0.019201947,0.024081,200
0.017860088,0.022947,200
0.016743818,0.021688,200
0.013270229,0.018116,200
0.013174736,0.017949,200
0.017908076,0.022861,200
0.015420245,0.020296,200
0.016232524,0.021169,200
0.015406548,0.020322,200
0.01355454,0.020707,200
0.014720411,0.019574,200
0.015236532,0.020103,200
0.017838132,0.022785,200
0.017837958,0.023192,200
0.014344558,0.019325,200
0.01744332,0.022335,200
0.014177926,0.019090,200
0.01437693,0.019271,200
0.013994309,0.018885,200
0.02044377,0.025207,200
0.01607829,0.021006,200
0.013939421,0.018686,200
0.014287631,0.019282,200
0.016601477,0.021922,200
0.016185477,0.020903,200
0.014253231,0.019512,200
0.01658526,0.021486,200
0.020463187,0.025319,200
0.015155635,0.020032,200
0.017851144,0.023250,200
0.014276593,0.019439,200
0.016255599,0.021129,200
0.018887378,0.025494,200
0.01948082,0.024577,200
0.020005442,0.024807,200
0.01870942,0.023593,200
0.019564644,0.024419,200
0.019616228,0.024304,200
0.019087425,0.025844,200
0.013877732,0.018536,200
0.015443994,0.020146,200
0.0135158,0.018375,200
0.016039597,0.021929,200
0.01441918,0.019208,200
0.013512772,0.018227,200
0.013074049,0.017841,200
0.014038878,0.018623,200
0.01495819,0.019723,200
0.014296707,0.019890,200
0.018309783,0.023254,200
0.013235337,0.018101,200
0.019152904,0.023937,200
0.01519285,0.019949,200
0.01682898,0.021626,200
0.018632589,0.023639,200
0.021241946,0.026343,200
0.014757997,0.019865,200
0.014481326,0.019368,200
0.0168311,0.021896,200
0.015074159,0.020132,200
0.016959297,0.022138,200
0.019298168,0.026458,200
0.015237963,0.020158,200
0.01579699,0.020580,200
0.014414448,0.019473,200
0.013404633,0.018166,200
0.014757929,0.019581,200
0.014746712,0.019505,200
0.01791678,0.023496,200
0.015245603,0.019977,200
0.013905297,0.018931,200
0.015724394,0.020638,200
0.019741228,0.028845,200
0.02250977,0.035174,200
0.025260791,0.030591,200
0.01911556,0.026393,200
0.01618233,0.021623,200
0.019732628,0.025635,200
0.017186517,0.022236,200
0.014981395,0.020182,200
0.01920672,0.024330,200
0.018090513,0.025849,200
0.015008126,0.020104,200
0.02130763,0.026302,200
0.013978714,0.018790,200
0.018254124,0.023477,200
0.014961628,0.019925,200
0.014385061,0.019319,200
0.01634644,0.022375,200
0.022354068,0.027343,200
0.03756898,0.042615,200
0.014935798,0.019925,200
0.01480148,0.020008,200
0.029092312,0.034165,200
0.023262681,0.028392,200
0.021791743,0.027029,200
0.02212038,0.027327,200
0.022002043,0.027108,200
0.014535568,0.019344,200
0.013914393,0.018930,200
0.014215228,0.019041,200
0.014679359,0.019419,200
0.017401176,0.022184,200
0.014971563,0.019679,200
0.013965839,0.018631,200
0.013966193,0.019111,200
0.014173134,0.018763,200
0.014468896,0.019312,200
0.013782399,0.018595,200
0.015384258,0.020163,200
0.014265,0.019096,200
0.013323885,0.028595,200
0.013762388,0.018542,200
0.013166206,0.017978,200
0.014456452,0.019497,200
0.022115296,0.026939,200
0.017736861,0.023244,200
0.016273525,0.020939,200
0.01401895,0.018674,200
0.016261632,0.021070,200
0.01807314,0.024097,200
0.014525984,0.019697,200
0.014689613,0.019418,200
0.014542862,0.019303,200
0.015464976,0.020162,200
0.014362663,0.019710,200
0.019199263,0.024250,200
0.019989328,0.025439,200
0.017689055,0.022751,200
0.023337515,0.028413,200
0.015103655,0.020015,200
0.020263929,0.026583,200
0.023615465,0.028826,200
0.01848612,0.023542,200
0.014037634,0.019086,200
0.016577551,0.021416,200
0.019174496,0.024139,200
0.020372009,0.025327,200
0.022539075,0.027520,200
0.018759072,0.023647,200
0.019259833,0.024193,200
0.013809587,0.018718,200
0.017049523,0.023256,200
0.016135292,0.021060,200
0.01520354,0.020202,200
0.015374383,0.020364,200
0.015408022,0.021088,200
0.018877264,0.023809,200
0.018452393,0.050133,200
0.01578815,0.020665,200
0.015937425,0.020979,200
0.022259172,0.027231,200
0.014209945,0.027658,200
0.014822716,0.019658,200
0.022269394,0.027641,200
0.01728706,0.022098,200
0.016110431,0.021108,200
0.011389878,0.016232,200
0.028716171,0.033877,200
0.012949378,0.017869,200
0.013630879,0.018436,200
0.012107025,0.016913,200
0.014726895,0.020358,200
0.026507264,0.031365,200
0.024189616,0.029156,200
0.013004203,0.018460,200
0.013870942,0.018619,200
0.024136921,0.029129,200
0.013408149,0.018167,200
0.013935256,0.019594,200
0.013048096,0.017950,200
0.0289532,0.033825,200
0.0140309,0.018673,200
0.013909408,0.019142,200
0.013721471,0.018399,200
0.020796401,0.025615,200
0.01884132,0.024613,200
0.019589184,0.024932,200
0.016410366,0.021412,200
0.015767477,0.020735,200
0.02178582,0.026857,200
0.013604018,0.018759,200
0.017420294,0.022930,200
0.016328216,0.021138,200
0.013984893,0.019064,200
0.022733487,0.027926,200
0.020041632,0.024870,200
0.013574591,0.018373,200
0.013485236,0.019079,200
0.013411312,0.018442,200
0.01870334,0.025423,200
0.018018344,0.025314,200
0.0166634,0.021703,200
0.014567257,0.019462,200
0.014525755,0.019398,200
0.01910098,0.024111,200
0.016426045,0.030609,200
0.01941774,0.024102,200
0.018086294,0.023134,200
0.019582164,0.024828,200
0.014594384,0.020487,200
0.022034543,0.028547,200
0.020319425,0.025822,200
0.017327916,0.022323,200
0.01692563,0.021922,200
0.016501497,0.023076,200
0.014188289,0.019204,200
0.0171681,0.022243,200
0.019193456,0.024218,200
0.017789122,0.023013,200
0.017150447,0.022354,200
0.02508972,0.030299,200
0.024410626,0.029601,200
0.026618456,0.031728,200
0.0183354,0.023250,200
0.016505122,0.022044,200
0.01962068,0.024671,200
0.036807936,0.042172,200
0.016347354,0.022227,200
0.019166496,0.024872,200
0.01501663,0.020006,200
0.020247672,0.025085,200
0.018119847,0.024098,200
0.01716648,0.023870,200
0.01546125,0.021963,200
0.01604487,0.020934,200
0.014121701,0.019030,200
0.015011228,0.019753,200
0.01740486,0.022309,200
0.015024686,0.019801,200
0.014960845,0.019768,200
0.014091641,0.019228,200
0.014277219,0.019569,200
0.01878118,0.023505,200
0.02822278,0.033149,200
0.027113726,0.032005,200
0.016937116,0.021832,200
0.013715992,0.018479,200
0.014501071,0.019422,200
0.014285839,0.019276,200
0.01988002,0.024957,200
0.021534286,0.026453,200
0.016860347,0.022259,200
0.018272884,0.023940,200
0.018323572,0.026483,200
0.013759854,0.018643,200
0.020053258,0.024961,200
0.014999133,0.019919,200
0.021739548,0.026614,200
0.015546337,0.020374,200
0.01528588,0.020192,200
0.01591917,0.020619,200
0.020316487,0.025110,200
0.01693136,0.021765,200
0.022387233,0.027395,200
0.018275514,0.023783,200
0.017878814,0.022782,200
0.022417292,0.027350,200
0.019010304,0.023727,200
0.017794685,0.022590,200
0.015260603,0.019993,200
0.016388386,0.021165,200
0.017734993,0.022529,200
0.016960772,0.022155,200
0.017754652,0.022617,200
0.019338692,0.024232,200
0.019662786,0.024405,200
0.016869107,0.021748,200
0.016053269,0.020924,200
0.01983766,0.024888,200
0.018532312,0.023755,200
0.01822786,0.023125,200
0.018134462,0.024992,200
0.020621153,0.025583,200
0.014566292,0.019592,200
0.016116053,0.020926,200
0.017237429,0.022114,200
0.017664094,0.023564,200
0.018389467,0.023698,200
0.019527052,0.024586,200
0.013864596,0.018984,200
0.013061944,0.017762,200
0.01692742,0.021607,200
0.01672777,0.021743,200
0.016531128,0.021340,200
0.014112092,0.018775,200
0.014598878,0.019317,200
0.015172507,0.020104,200
0.020670893,0.026627,200
0.01584651,0.020901,200
0.019801488,0.024818,200
0.019654348,0.024739,200
0.01713083,0.022198,200
0.0191244,0.025843,200
0.018807901,0.023917,200
0.015137724,0.020153,200
0.019666083,0.024899,200
0.029438196,0.034654,200
0.014373207,0.019677,200
0.0172292,0.022249,200
0.019446064,0.024551,200
0.014524983,0.021955,200
0.018032556,0.023524,200
0.015177298,0.020249,200
0.01610093,0.020931,200
0.01740346,0.022279,200
0.019575952,0.025016,200
0.015865924,0.020673,200
0.015655678,0.021702,200
0.021050649,0.026286,200
0.023750067,0.029902,200
0.02017462,0.025033,200
0.013769677,0.018679,200
0.017931184,0.023221,200
0.014404235,0.019165,200
0.014021255,0.018784,200
0.014069945,0.018844,200
0.015037849,0.019846,200
0.014011249,0.018952,200
0.016620617,0.022036,200
0.013490102,0.018321,200
0.01704625,0.022106,200
0.01307557,0.017949,200
0.01338242,0.018984,200
0.019855035,0.025678,200
0.01930089,0.024306,200
0.019142952,0.024171,200
0.017155014,0.022477,200
0.018416708,0.023760,200
0.018193817,0.023293,200
0.021730956,0.026833,200
0.02779722,0.032879,200
0.021312004,0.026361,200
0.016988564,0.023136,200
0.01999588,0.024999,200
0.01623411,0.021367,200
0.013535547,0.018429,200
0.016347742,0.021205,200
0.015467486,0.020331,200
0.013445942,0.018288,200
0.019287571,0.024182,200
0.013942257,0.018836,200
0.020173984,0.025031,200
0.015098646,0.019897,200
0.014811046,0.019650,200
0.013093596,0.017733,200
0.013809694,0.018437,200
0.017329412,0.022210,200
0.013924737,0.024528,200
0.013071198,0.017971,200
0.016061306,0.021218,200
0.017664656,0.022632,200
0.019124376,0.024144,200
0.014181027,0.019583,200
0.021746432,0.026740,200
0.019927,0.024842,200
0.015546375,0.020270,200
0.013458311,0.018301,200
0.013355057,0.018668,200
0.015161231,0.020480,200
0.014029277,0.019679,200
0.017141284,0.022199,200
0.019553844,0.024462,200
0.013964028,0.020883,200
0.015569298,0.020683,200
0.014246075,0.019164,200
0.015173242,0.020179,200
0.012932636,0.017726,200
0.013424977,0.018221,200
0.019306054,0.024079,200
0.016527848,0.021519,200
0.014250941,0.019074,200
0.013472136,0.018340,200
0.014156764,0.018943,200
0.013224966,0.018074,200
0.014119645,0.018971,200
0.013996104,0.018910,200
0.013569945,0.018396,200
0.015212396,0.020156,200
0.014601641,0.019727,200
0.022481663,0.027400,200
0.012947497,0.018226,200
0.013864495,0.018654,200
0.014332896,0.018960,200
0.013714185,0.018659,200
0.014579396,0.019249,200
0.014048254,0.018980,200
0.018181425,0.022752,200
0.020730413,0.025403,200
0.021281356,0.026225,200
0.014442874,0.020649,200
0.016242495,0.021267,200
0.01997896,0.024865,200
0.013213703,0.017876,200
0.01983406,0.024683,200
0.014697057,0.019309,200
0.018603304,0.023481,200
0.018872922,0.023663,200
0.01553193,0.020175,200
0.021471009,0.026121,200
0.013442552,0.018101,200
0.019765755,0.024836,200
0.014022126,0.018846,200
0.019830454,0.025625,200
0.024517665,0.029540,200
0.020730635,0.026214,200
0.020977587,0.025959,200
0.016762368,0.022061,200
0.023553625,0.028479,200
0.016818948,0.023035,200
0.016098436,0.021552,200
0.014609789,0.019396,200
0.01837194,0.023308,200
0.014492784,0.019333,200
0.015908407,0.021138,200
0.017863657,0.023691,200
0.013882494,0.018806,200
0.015180648,0.020000,200
0.015031329,0.020027,200
0.024194067,0.029169,200
0.01898196,0.023984,200
0.016522922,0.021554,200
0.018056802,0.023049,200
0.018522276,0.023811,200
0.01359809,0.018982,200
0.01791608,0.022998,200
0.016227651,0.021714,200
0.015153754,0.020060,200
0.020657932,0.025524,200
0.016358482,0.021008,200
0.013583082,0.018249,200
0.015742186,0.020977,200
0.016482053,0.021326,200
0.022301536,0.027862,200
0.01801306,0.023068,200
0.020814743,0.026033,200
0.019845292,0.024880,200
0.0203084,0.025425,200
0.018969199,0.024176,200
0.018898496,0.023892,200
0.01447394,0.019378,200
0.014757456,0.019580,200
0.016225614,0.021332,200
0.013614493,0.019115,200
0.019756164,0.024778,200
0.01486856,0.019722,200
0.014562043,0.019499,200
0.014488843,0.019952,200
0.021756455,0.026649,200
0.020388512,0.025489,200
0.015481895,0.020274,200
0.016557325,0.021286,200
0.020207766,0.025292,200
0.01856653,0.024645,200
0.014570656,0.020035,200
0.01558843,0.020433,200
0.019800872,0.024758,200
0.014271316,0.019127,200
0.015474234,0.021609,200
0.017211234,0.022173,200
0.019936359,0.024903,200
0.015141377,0.020083,200
0.019939208,0.024731,200
0.014379409,0.019071,200
0.016442366,0.021132,200
0.016571518,0.021338,200
0.013111657,0.017904,200
0.019284679,0.024814,200
0.013707945,0.018694,200
0.014141926,0.019770,200
0.016299032,0.021332,200
0.021433264,0.026391,200
0.014568595,0.019368,200
0.017671635,0.023224,200
0.021701757,0.026987,200
0.027575089,0.032666,200
0.016359419,0.021392,200
0.016543224,0.021938,200
0.016799808,0.021837,200
0.0178135,0.023618,200
0.022725582,0.028495,200
0.026315704,0.031461,200
0.018472532,0.024297,200
0.01636885,0.021118,200
0.018503835,0.023579,200
0.020104952,0.024892,200
0.022042671,0.026929,200
0.017340524,0.022641,200
0.014609145,0.019396,200
0.014185312,0.018816,200
0.015891602,0.020648,200
0.018159311,0.023458,200
0.013388068,0.018211,200
0.014707697,0.019725,200
0.01347362,0.018754,200
0.014766291,0.020152,200
0.017012136,0.022064,200
0.015919127,0.021344,200
0.013805924,0.018472,200
0.018001407,0.022651,200
0.015148688,0.020038,200
0.017891947,0.022767,200
0.014592294,0.019483,200
0.015797403,0.020593,200
0.013569175,0.019080,200
0.018763974,0.025298,200
0.014105333,0.018788,200
0.016333753,0.021754,200
0.013427273,0.019207,200
0.01861576,0.023353,200
0.015836384,0.020565,200
0.022003384,0.026937,200
0.015092359,0.019820,200
0.016636487,0.021218,200
0.014367821,0.019327,200
0.01430531,0.019214,200
0.01781554,0.022903,200
0.019423625,0.024506,200
0.018283792,0.023691,200
0.01933556,0.024472,200
0.017671008,0.022803,200
0.014121438,0.019007,200
0.019460188,0.024611,200
0.02130148,0.027403,200
0.018145569,0.023570,200
0.016583866,0.021570,200
0.018572168,0.023574,200
0.015017528,0.020099,200
0.024899531,0.030000,200
0.018949324,0.023986,200
0.015669746,0.020628,200
0.017559348,0.023188,200
0.015397473,0.020366,200
0.01718493,0.023661,200
0.014831958,0.019913,200
0.014468382,0.019847,200
0.015814688,0.020806,200
0.0159081,0.020862,200
0.014159093,0.019577,200
0.017988104,0.022940,200
0.015416012,0.020345,200
0.01545257,0.020354,200
0.01578026,0.020721,200
0.013374952,0.018015,200
0.014596988,0.019364,200
0.014644733,0.019453,200
0.015887812,0.020881,200
0.019809583,0.024906,200
0.015077154,0.021565,200
0.020484691,0.025503,200
0.019813117,0.032350,200
0.017969638,0.023137,200
0.013587255,0.033493,200
0.017474296,0.022692,200
0.016984407,0.023181,200
0.016082026,0.021028,200
0.01878665,0.023558,200
0.013790123,0.019092,200
0.015320663,0.026380,200
0.01923204,0.024431,200
0.020518048,0.025614,200
0.014970866,0.020059,200
0.01454191,0.019630,200
0.014268657,0.019245,200
0.016550286,0.021567,200
0.014777172,0.019852,200
0.019426586,0.024509,200
0.019847846,0.024945,200
0.015761953,0.020712,200
0.023870096,0.028998,200
0.014002438,0.018899,200
0.014214431,0.019203,200
0.027249357,0.032399,200
0.018760081,0.024706,200
0.021693263,0.026896,200
0.014464063,0.019364,200
0.017774064,0.022970,200
0.022118162,0.027194,200
0.01636642,0.021335,200
0.019913128,0.024716,200
0.01555928,0.020356,200
0.01667898,0.021469,200
0.014164025,0.018896,200
0.018454975,0.023381,200
0.015379494,0.020059,200
0.014385978,0.019072,200
0.013959002,0.018623,200
0.016469322,0.021142,200
0.014301799,0.019108,200
0.014388235,0.019303,200
0.016361605,0.021413,200
0.015569451,0.020525,200
0.013597264,0.018268,200
0.01572342,0.020367,200
0.013214875,0.018015,200
0.018368712,0.023467,200
0.013521841,0.018245,200
0.01566064,0.020480,200
0.018434037,0.023232,200
0.013630871,0.018314,200
0.015721885,0.020685,200
0.013451884,0.018380,200
0.015573657,0.020754,200
0.01393645,0.018988,200
0.013457742,0.018342,200
0.04218075,0.048398,200
0.013732773,0.018713,200
0.013360748,0.019014,200
0.013472122,0.018635,200
0.016318873,0.021241,200
0.01744335,0.022228,200
0.021412734,0.026341,200
0.018192602,0.023254,200
0.016811932,0.021712,200
0.015649494,0.020549,200
0.013181205,0.017849,200
0.014026541,0.018856,200
0.014142883,0.018779,200
0.014523213,0.019342,200
0.01390151,0.018675,200
0.015269756,0.019929,200
0.013992789,0.018587,200
0.021662084,0.026367,200
0.013477897,0.018551,200
0.0180928,0.022794,200
0.014490757,0.019191,200
0.014171197,0.018812,200
0.01963063,0.039088,200
0.014436995,0.019780,200
0.019322932,0.024057,200
0.016293764,0.021061,200
0.016247164,0.021649,200
0.014034604,0.018751,200
0.01881654,0.023587,200
0.014420838,0.020539,200
0.017286,0.022245,200
0.015416565,0.021305,200
0.017598424,0.022580,200
0.020208582,0.025269,200
0.014149747,0.019012,200
0.014925567,0.019934,200
0.019034347,0.024035,200
0.0159636,0.020923,200
0.01435795,0.019363,200
0.016329426,0.021711,200
0.016364846,0.021474,200
0.01646814,0.021731,200
0.019547421,0.024632,200
0.014945064,0.019975,200
0.017090032,0.022190,200
0.014927583,0.020311,200
0.015797716,0.020716,200
0.017931487,0.023376,200
0.021971436,0.026883,200
0.018385684,0.023304,200
0.013660658,0.018844,200
0.018461227,0.023592,200
0.015379908,0.020339,200
0.01755161,0.022596,200
0.014538171,0.019530,200
0.014813384,0.019964,200
0.019104486,0.024921,200
0.014195765,0.019127,200
0.018381769,0.024144,200
0.020590171,0.025705,200
0.014390289,0.019966,200
0.021252356,0.026349,200
0.01704912,0.023653,200
0.015223975,0.031546,200
0.015302916,0.021872,200
0.01575185,0.020835,200
0.01968298,0.026345,200
0.019652031,0.024552,200
0.014455577,0.019269,200
0.013541231,0.018738,200
0.014639608,0.019385,200
0.019019963,0.024078,200
0.017105436,0.022177,200
0.01387847,0.020842,200
0.016390935,0.021077,200
0.020110177,0.024891,200
0.014338034,0.018973,200
0.013434476,0.019026,200
0.015356025,0.020015,200
0.016049258,0.020864,200
0.014377262,0.019001,200
0.017508486,0.023002,200
0.01468773,0.020390,200
0.01997548,0.025169,200
0.021095565,0.026118,200
0.014536444,0.019518,200
0.018473316,0.023558,200
0.015048301,0.020142,200
0.023245769,0.028279,200
0.016842565,0.022229,200
0.015307759,0.020339,200
0.021211855,0.026092,200
0.014642759,0.020239,200
0.015814759,0.020569,200
0.014952804,0.019845,200
0.018541293,0.023631,200
0.014679204,0.019642,200
0.013685076,0.018838,200
0.017994495,0.022665,200
0.013734332,0.018540,200
0.01337035,0.018016,200
0.01465374,0.019318,200
0.014340956,0.019199,200
0.015360553,0.020114,200
0.01811702,0.023809,200
0.014433675,0.019067,200
0.014101733,0.018883,200
0.014418866,0.019837,200
0.020057334,0.025161,200
0.017304078,0.028597,200
0.017791936,0.023525,200
0.017116556,0.021879,200
0.016921233,0.022311,200
0.01621534,0.021479,200
0.013932399,0.018700,200
0.019804137,0.024731,200
0.02379246,0.028657,200
0.020183925,0.025093,200
0.017701775,0.022861,200
0.01906882,0.024047,200
0.013953876,0.018922,200
0.01533444,0.020339,200
0.015075634,0.020405,200
0.018761735,0.024009,200
0.018444717,0.024142,200
0.014375894,0.019275,200
0.015966464,0.021019,200
0.013962161,0.019248,200
0.020510914,0.026732,200
0.01475103,0.019698,200
0.014730544,0.019479,200
0.017460888,0.022364,200
0.023597164,0.028244,200
0.014041049,0.018857,200
0.013414543,0.018103,200
0.013184493,0.017768,200
0.017194295,0.021879,200
0.014092245,0.018963,200
0.021179914,0.026071,200
0.014954934,0.019790,200
0.015164702,0.019765,200
0.024263648,0.029095,200
0.014094319,0.019140,200
0.021682652,0.026410,200
0.014558866,0.019358,200
0.013757335,0.018473,200
0.020681864,0.025861,200
0.014141505,0.019048,200
0.015051277,0.019979,200
0.01752472,0.022495,200
0.018291963,0.023979,200
0.0168428,0.023659,200
0.020845277,0.026232,200
0.018083116,0.023264,200
0.017695852,0.022682,200
0.013088458,0.018032,200
0.013681213,0.018785,200
0.01883858,0.023870,200
0.015067748,0.019947,200
0.014897111,0.019927,200
0.022884823,0.028019,200
0.014316863,0.020810,200
0.013725328,0.019960,200
0.016306028,0.021305,200
0.014309647,0.019652,200
0.018417532,0.023807,200
0.015735287,0.020737,200
0.019014912,0.023991,200
0.014435308,0.019768,200
0.016088648,0.021079,200
0.018161813,0.023741,200
0.022677071,0.030158,200
0.016404612,0.022948,200
0.015153085,0.020382,200
0.014321317,0.019375,200
0.02034739,0.025282,200
0.02228504,0.027299,200
0.01915136,0.024250,200
0.01717434,0.022269,200
0.019590521,0.024522,200
0.020370316,0.025337,200
0.018562848,0.023390,200
0.025764426,0.030958,200
0.016421411,0.021894,200
0.014779529,0.019773,200
0.013910938,0.018832,200
0.016546335,0.021307,200
0.014313556,0.019407,200
0.013538096,0.018552,200
0.015336779,0.020298,200
0.014609341,0.019546,200
0.024577623,0.029609,200
0.018289695,0.023843,200
0.017376373,0.022969,200
0.021145225,0.026641,200
0.017332176,0.022443,200
0.01515556,0.020217,200
0.014620751,0.019587,200
0.014236667,0.019318,200
0.01533037,0.020564,200
0.02493507,0.029938,200
0.020636903,0.025565,200
0.018976329,0.026438,200
0.01490895,0.019738,200
0.017576167,0.022413,200
0.013773466,0.019026,200
0.017530631,0.022557,200
0.02740138,0.032387,200
0.016036546,0.020954,200
0.021249788,0.026231,200
0.017350089,0.022361,200
0.02268278,0.032512,200
0.018426025,0.024144,200
0.014310015,0.020312,200
0.014586161,0.019522,200
0.02552257,0.030410,200
0.024559421,0.029691,200
0.029817136,0.034753,200
0.014008988,0.018898,200
0.01877116,0.023746,200
0.018198436,0.023216,200
0.013285681,0.018376,200
0.018764762,0.023839,200
0.02091311,0.026535,200
0.022240512,0.027239,200
0.019741915,0.024801,200
0.013752393,0.019113,200
0.015392769,0.020330,200
0.014545251,0.020314,200
0.016402924,0.021345,200
0.013413906,0.018983,200
0.015332313,0.020305,200
0.015977502,0.020902,200
0.019439971,0.024497,200
0.019732244,0.024674,200
0.013681605,0.019886,200
0.02316133,0.028166,200
0.014434741,0.019462,200
0.018573748,0.023406,200
0.014341882,0.020043,200
0.01564995,0.020623,200
0.014568661,0.019500,200
0.018101227,0.023196,200
0.019505005,0.024554,200
0.014960644,0.021733,200
0.019845637,0.024833,200
0.013857921,0.018791,200
0.013639831,0.018364,200
0.021686688,0.026565,200
0.015507324,0.020588,200
0.02007965,0.025031,200
0.013619925,0.018606,200
0.017894007,0.022981,200
0.020620538,0.026824,200
0.016245466,0.021205,200
0.02101382,0.026174,200
0.02140431,0.026372,200
0.017249847,0.025818,200
0.015900364,0.020612,200
0.0178072,0.022523,200
0.014008414,0.018820,200
0.014913376,0.019671,200
0.02050211,0.025169,200
0.024428114,0.030713,200
0.016974052,0.022015,200
0.021025363,0.025867,200
0.017406456,0.022462,200
0.014922341,0.019899,200
0.016312046,0.021280,200
0.013910802,0.018839,200
0.01406225,0.019094,200
0.015058616,0.019988,200
0.014230352,0.019116,200
0.01963858,0.024552,200
0.021256272,0.026383,200
0.01714184,0.022197,200
0.014004033,0.019196,200
0.020900564,0.025965,200
0.015367252,0.021271,200
0.013622852,0.018358,200
0.017292786,0.022054,200
0.015978001,0.020664,200
0.015083444,0.020287,200
0.013653644,0.018892,200
0.013085715,0.017762,200
0.015456383,0.020068,200
0.014796814,0.020552,200
0.014196563,0.018835,200
0.015129731,0.021237,200
0.01692906,0.021718,200
0.013958327,0.018610,200
0.015124763,0.019738,200
0.018365674,0.022934,200
0.013285722,0.018010,200
0.018391848,0.023446,200
0.0186214,0.023501,200
0.01687562,0.021780,200
0.017432587,0.023186,200
0.014123489,0.019045,200
0.019564224,0.024555,200
0.018925577,0.023877,200
0.014323444,0.019285,200
0.016057683,0.021010,200
0.014043105,0.019113,200
0.013507641,0.018785,200
0.013454515,0.018461,200
0.019751636,0.024872,200
0.02046316,0.025431,200
0.01638763,0.022079,200
0.014109328,0.019347,200
0.01703086,0.021962,200
0.014095509,0.019277,200
0.014280491,0.019243,200
0.016718555,0.022114,200
0.014207151,0.019121,200
0.01941656,0.024423,200
0.015119436,0.021168,200
0.0232166,0.028790,200
0.014281359,0.020346,200
0.015101846,0.019980,200
0.024255147,0.029177,200
0.016073437,0.020980,200
0.017177245,0.022295,200
0.025043339,0.030119,200
0.014524744,0.019327,200
0.01890632,0.023772,200
0.013744606,0.018573,200
0.018865012,0.024006,200
0.013454058,0.018324,200
0.014459277,0.019650,200
0.020013968,0.025096,200
0.016217165,0.021210,200
0.017741356,0.022789,200
0.015596748,0.020357,200
0.015441048,0.020092,200
0.014413877,0.019200,200
0.017886795,0.022754,200
0.01989748,0.024745,200
0.013888519,0.018513,200
0.014438627,0.019187,200
0.01314077,0.017853,200
0.014468752,0.019266,200
0.018594254,0.023507,200
0.017397365,0.022310,200
0.019288996,0.023982,200
0.0169333,0.022008,200
0.01682731,0.025120,200
0.016428288,0.022353,200
0.018357787,0.023339,200
0.014746318,0.019602,200
0.017853858,0.022752,200
0.014833581,0.019719,200
0.019616185,0.024560,200
0.013568044,0.018549,200
0.013881023,0.018986,200
0.020937638,0.025765,200
0.013535086,0.031155,200
0.015384325,0.020189,200
0.01976678,0.024706,200
0.018600345,0.023415,200
0.017875183,0.023001,200
0.018606268,0.023456,200
0.013851259,0.018647,200
0.019240515,0.024212,200
0.015336688,0.026970,200
0.01812747,0.022909,200
0.018224549,0.023179,200
0.015002482,0.019908,200
0.017244644,0.022504,200
0.017221324,0.022170,200
0.01766508,0.022520,200
0.018718893,0.023730,200
0.018515453,0.023372,200
0.01834415,0.023129,200
0.015277794,0.020205,200
0.020574035,0.025468,200
0.014404096,0.019282,200
0.013655736,0.018577,200
0.016714573,0.021699,200
0.01625486,0.021211,200
0.01362271,0.018457,200
0.011654237,0.016514,200
0.015977984,0.020950,200
0.01677614,0.021838,200
0.017071825,0.021980,200
0.013119912,0.017976,200
0.020107962,0.025036,200
0.018248385,0.025104,200
0.020596407,0.025550,200
0.019697903,0.024760,200
0.018180816,0.022927,200
0.014144985,0.018877,200
0.017875312,0.022666,200
0.01445788,0.019307,200
0.014871644,0.019577,200
0.013212852,0.018501,200
0.016649278,0.021534,200
0.014287744,0.019089,200
0.016623953,0.023577,200
0.017492944,0.022562,200
0.01637148,0.021724,200
0.016531086,0.021467,200
0.021782797,0.027488,200
0.014845485,0.019729,200
0.013313993,0.018080,200
0.018766837,0.023589,200
0.014410418,0.019241,200
0.016359955,0.021257,200
0.014422839,0.019297,200
0.015228592,0.020220,200
0.02068514,0.025487,200
0.014140734,0.018957,200
0.017655617,0.022451,200
0.016274132,0.021221,200
0.016619377,0.021518,200
0.017863953,0.022911,200
0.017058518,0.021841,200
0.018395659,0.023336,200
0.015539799,0.020421,200
0.018032024,0.023296,200
0.014691606,0.019907,200
0.023382222,0.028287,200
0.015468334,0.020219,200
0.01458544,0.019638,200
0.013701597,0.018536,200
0.016356803,0.022103,200
0.014392795,0.019146,200
0.017291345,0.022311,200
0.013986277,0.018924,200
0.018424986,0.023318,200
0.013833589,0.018620,200
0.019409772,0.024343,200
0.023310715,0.028255,200
0.014325568,0.032487,200
0.014127884,0.019091,200
0.016021853,0.020947,200
0.014253889,0.019057,200
0.01389721,0.018684,200
0.017722994,0.022528,200
0.019470181,0.024251,200
0.013327901,0.018107,200
0.014448699,0.019219,200
0.0170351,0.022144,200
0.014957479,0.019847,200
0.013763515,0.018548,200
0.021072004,0.025830,200
0.01881223,0.023570,200
0.015861357,0.020683,200
0.01738968,0.022700,200
0.019674266,0.024682,200
0.019085933,0.024126,200
0.01525773,0.020297,200
0.01861229,0.023574,200
0.020864423,0.025772,200
0.016974773,0.021858,200
0.015673477,0.021041,200
0.014520536,0.019643,200
0.0180242,0.023037,200
0.014398911,0.019246,200
0.022980412,0.027860,200
0.020084435,0.025992,200
0.01920538,0.024434,200
0.018028,0.022871,200
0.019272557,0.024151,200
0.018477375,0.023751,200
0.019552428,0.024401,200
0.014334592,0.019595,200
0.016409557,0.021121,200
0.014500488,0.019278,200
0.022829376,0.027559,200
0.014463806,0.019283,200
0.014102672,0.043729,200
0.015755551,0.020596,200
0.014873302,0.019767,200
0.014412935,0.019153,200
0.01799376,0.022936,200
0.019996708,0.025051,200
0.014552901,0.020780,200
0.019586155,0.024510,200
0.02393431,0.030248,200
0.014393759,0.020104,200
0.025849188,0.030914,200
0.015988272,0.020898,200
0.014680197,0.021105,200
0.017025536,0.022047,200
0.018279135,0.023224,200
0.018810542,0.023967,200
0.020409089,0.025233,200
0.013836051,0.019015,200
0.014328747,0.019228,200
0.020194564,0.024940,200
0.017513743,0.022407,200
0.014955788,0.019979,200
0.017363248,0.022218,200
0.014883243,0.019671,200
0.020505631,0.025590,200
0.016675735,0.021734,200
0.014482834,0.019329,200
0.013131526,0.017913,200
0.018268146,0.023460,200
0.018184872,0.023987,200
0.02005336,0.024810,200
0.018818798,0.023814,200
0.013939032,0.018832,200
0.013410878,0.018755,200
0.013800508,0.019575,200
0.01968104,0.024921,200
0.014219221,0.020024,200
0.020054957,0.024772,200
0.014297193,0.019099,200
0.016214248,0.020935,200
0.01889024,0.023795,200
0.018596813,0.023450,200
0.018583119,0.024066,200
0.015656274,0.020549,200
0.016568016,0.021490,200
0.015265008,0.020194,200
0.015085374,0.020309,200
0.024292983,0.029837,200
0.024508337,0.030137,200
0.026565876,0.031701,200
0.015442577,0.020265,200
0.01534833,0.020091,200
0.01426909,0.018906,200
0.016788917,0.021645,200
0.025788957,0.030765,200
0.017492205,0.022424,200
0.017106753,0.022349,200
0.014067785,0.018852,200
0.018573783,0.023572,200
0.01741752,0.022984,200
0.018163512,0.023318,200
0.021953287,0.026928,200
0.020390896,0.025328,200
0.018379169,0.023595,200
0.019777928,0.024606,200
0.014855726,0.019640,200
0.019487932,0.024390,200
0.014695486,0.019502,200
0.014321863,0.019187,200
0.01403593,0.019055,200
0.019504108,0.024452,200
0.019204654,0.024095,200
0.019365951,0.024281,200
0.019729853,0.024616,200
0.018669238,0.023909,200
0.01439606,0.019129,200
0.01413791,0.018832,200
0.013913068,0.018635,200
0.014084135,0.018780,200
0.01856609,0.023518,200
0.016262239,0.021082,200
0.014203237,0.019527,200
0.013878391,0.018582,200
0.01786314,0.023414,200
0.019717287,0.024532,200
0.014584883,0.019450,200
0.020155616,0.025116,200
0.023859924,0.030273,200
0.017733969,0.022752,200
0.0171889,0.022595,200
0.025405431,0.030294,200
0.018954434,0.023876,200
0.01328769,0.018193,200
0.018572912,0.023478,200
0.014228346,0.019466,200
0.021013789,0.026108,200
0.018161863,0.023144,200
0.016599726,0.022007,200
0.018640565,0.023685,200
0.014134637,0.019717,200
0.016762698,0.022311,200
0.025305608,0.031122,200
0.019821007,0.024635,200
0.019054696,0.023759,200
0.018068412,0.023244,200
0.014397472,0.019269,200
0.017158711,0.021967,200
0.013752253,0.018523,200
0.018643577,0.023588,200
0.019581968,0.024447,200
0.015644435,0.021723,200
0.013501563,0.019419,200
0.017434822,0.022079,200
0.018880619,0.023636,200
0.018578287,0.024089,200
0.017487895,0.022834,200
0.017433211,0.022197,200
0.015504535,0.020341,200
0.018350763,0.023643,200
0.01584116,0.020675,200
0.014588648,0.019259,200
0.014339491,0.019792,200
0.015803205,0.020773,200
0.016559215,0.022407,200
0.012848465,0.017638,200
0.014948276,0.020523,200
0.020184392,0.025201,200
0.01615787,0.021109,200
0.01449997,0.019150,200
0.025478547,0.030420,200
0.016320152,0.021146,200
0.014060678,0.018761,200
0.027780058,0.032717,200
0.019902524,0.024912,200
0.01701806,0.022293,200
0.021544304,0.026887,200
0.020884637,0.025734,200
0.017049441,0.021803,200
0.01616148,0.020886,200
0.015667157,0.029722,200
0.018747764,0.024092,200
0.01995772,0.024702,200
0.014398321,0.019148,200
0.016659934,0.021740,200
0.014585763,0.019353,200
0.017359508,0.022281,200
0.016265254,0.022969,200
0.013494431,0.018583,200
0.014911183,0.019826,200
0.01657587,0.021754,200
0.014038496,0.018955,200
0.016900836,0.021635,200
0.021248892,0.026105,200
0.014888345,0.019834,200
0.016041057,0.020994,200
0.013964192,0.018933,200
0.012918801,0.018538,200
0.011581613,0.016312,200
0.013084649,0.017750,200
0.012179493,0.016929,200
0.015460049,0.020181,200
0.017365495,0.022266,200
0.013629351,0.018464,200
0.014877255,0.019719,200
0.013882185,0.018696,200
0.015993979,0.020625,200
0.017411944,0.023537,200
0.014177152,0.018815,200
0.013202682,0.017929,200
0.014800858,0.019560,200
0.013247806,0.017974,200
0.019721942,0.024532,200
0.016751371,0.021418,200
0.012328163,0.017209,200
0.019690536,0.024873,200
0.013890458,0.018871,200
0.016585624,0.021564,200
0.01742244,0.022265,200
0.013991558,0.019541,200
0.014400969,0.019224,200
0.015772754,0.021427,200
0.019560194,0.024553,200
0.013525675,0.018443,200
0.022581588,0.027651,200
0.014411646,0.019287,200
0.016841477,0.021697,200
0.016368344,0.021880,200
0.014902439,0.019664,200
0.018623715,0.025140,200
0.018800437,0.023915,200
0.019072188,0.024196,200
0.017224418,0.029234,200
0.014916952,0.020682,200
0.033303253,0.038384,200
0.01818318,0.023248,200
0.02122258,0.026623,200
0.014423187,0.019449,200
0.01668395,0.021567,200
0.015409066,0.020322,200
0.015203313,0.020201,200
0.013802819,0.018718,200
0.015765281,0.020900,200
0.015106353,0.020016,200
0.018870356,0.023920,200
0.019938232,0.025659,200
0.013712642,0.018897,200
0.013967022,0.019000,200
0.014364722,0.019387,200
0.034350608,0.039506,200
0.018036379,0.022904,200
0.013649936,0.018732,200
0.015383723,0.020382,200
0.019955477,0.025124,200
0.017044123,0.022853,200
0.020442609,0.025271,200
0.016498348,0.021446,200
0.013324778,0.018061,200
0.019269532,0.024180,200
0.014971213,0.019985,200
0.01850282,0.023502,200
0.014180284,0.019042,200
0.016357373,0.021296,200
0.018544884,0.023496,200
0.018993216,0.023886,200
0.015298492,0.020223,200
0.020117586,0.024975,200
0.014934631,0.019799,200
0.016266346,0.021840,200
0.014636486,0.019688,200
0.014238989,0.019109,200
0.014061006,0.019863,200
0.01341893,0.018324,200
0.014770773,0.019903,200
0.013904704,0.019042,200
0.017010607,0.021953,200
0.019139832,0.026112,200
0.016303865,0.021401,200
0.0139642,0.018891,200
0.018866643,0.023819,200
0.023994043,0.033324,200
0.01759654,0.022485,200
0.014163847,0.019136,200
0.018724468,0.023632,200
0.013790785,0.019125,200
0.013936035,0.018695,200
0.017099377,0.022218,200
0.017861523,0.022838,200
0.016131273,0.021728,200
0.028512992,0.034914,200
0.018903784,0.023869,200
0.013889985,0.019702,200
0.014446535,0.019388,200
0.017272629,0.023889,200
0.014924023,0.019817,200
0.017811188,0.022743,200
0.013766777,0.019556,200
0.014322468,0.023698,200
0.018608926,0.023367,200
0.013674611,0.018671,200
0.013835819,0.018609,200
0.013560763,0.018285,200
0.013793339,0.018521,200
0.018256407,0.023623,200
0.018454604,0.023442,200
0.016600646,0.021539,200
0.018228296,0.023553,200
0.015541304,0.020491,200
0.01313332,0.017968,200
0.015557201,0.020354,200
0.014163383,0.019169,200
0.012979661,0.017806,200
0.015732724,0.021386,200
0.014820904,0.019625,200
0.017683825,0.022603,200
0.0178565,0.022691,200
0.013517004,0.018775,200
0.014944313,0.019831,200
0.014616436,0.019416,200
0.014173589,0.018998,200
0.014176982,0.018853,200
0.01998284,0.025030,200
0.020002572,0.025580,200
0.02009063,0.024891,200
0.015810966,0.020676,200
0.013128984,0.018460,200
0.016139066,0.021061,200
0.017752618,0.022652,200
0.014888617,0.019805,200
0.016188389,0.021158,200
0.01504134,0.019837,200
0.015604415,0.020407,200
0.014232539,0.019660,200
0.014216688,0.018871,200
0.014964578,0.019767,200
0.013933139,0.018653,200
0.016697522,0.021423,200
0.019043721,0.023892,200
0.018920265,0.023735,200
0.01974386,0.024780,200
0.01894042,0.023820,200
0.020169564,0.025133,200
0.022367842,0.027330,200
0.016571812,0.021555,200
0.014387581,0.019076,200
0.014428569,0.019166,200
0.015492675,0.020298,200
0.024441738,0.029947,200
0.023951085,0.029373,200
0.018267805,0.023086,200
0.018514084,0.023533,200
0.017093137,0.021831,200
0.016473204,0.021369,200
0.014405874,0.020534,200
0.022657145,0.027617,200
0.013136899,0.018001,200
0.014751318,0.019632,200
0.014040783,0.018984,200
0.021181762,0.026139,200
0.014521339,0.019449,200
0.020247336,0.025087,200
0.021741215,0.027365,200
0.026314937,0.032018,200
0.018189868,0.023160,200
0.016910275,0.021698,200
0.019988587,0.024818,200
0.018823572,0.023722,200
0.019868188,0.024615,200
0.016697368,0.021507,200
0.014143905,0.018921,200
0.017353231,0.022141,200
0.018176556,0.023694,200
0.017394383,0.022311,200
0.014449536,0.019990,200
0.012948488,0.017817,200
0.013433824,0.018197,200
0.015525061,0.020319,200
0.017445672,0.022313,200
0.014430156,0.019259,200
0.016669707,0.021738,200
0.013958652,0.018904,200
0.016825909,0.021824,200
0.02146906,0.026367,200
0.019201826,0.024162,200
0.020651449,0.025581,200
0.020427272,0.025942,200
0.018214563,0.023136,200
0.015656287,0.020440,200
0.014893377,0.019917,200
0.014608359,0.019480,200
0.01905128,0.024027,200
0.018485658,0.023588,200
0.015582334,0.021897,200
0.014798325,0.019637,200
0.01664338,0.021639,200
0.018755957,0.023788,200
0.023040146,0.028187,200
0.014797061,0.019926,200
0.015041099,0.019844,200
0.024238251,0.029033,200
0.015785288,0.020586,200
0.023016443,0.027790,200
0.020227643,0.025077,200
0.014255747,0.019076,200
0.014446263,0.019218,200
0.014601293,0.019446,200
0.013868583,0.018882,200
0.014622455,0.019483,200
0.018633535,0.024027,200
0.01684716,0.021784,200
0.020028606,0.024965,200
0.020330284,0.026101,200
0.015328745,0.020452,200
0.024821028,0.029848,200
0.025834106,0.031126,200
0.01701063,0.021886,200
0.017066505,0.022306,200
0.021127984,0.026027,200
0.015306182,0.020092,200
0.013325575,0.018966,200
0.013663617,0.018720,200
0.016658707,0.021361,200
0.018494522,0.023164,200
0.012634532,0.017248,200
0.0170453,0.021735,200
0.012930962,0.017595,200
0.018338548,0.023096,200
0.017003808,0.021638,200
0.0237839,0.028682,200
0.012677274,0.017451,200
0.018478189,0.023335,200
0.017763536,0.022790,200
0.0212894,0.025978,200
0.021031167,0.025777,200
0.015305584,0.020117,200
0.022556268,0.027530,200
0.01671673,0.021491,200
0.018640732,0.023765,200
0.021012064,0.026070,200
0.02094776,0.026378,200
0.021606188,0.027117,200
0.018445358,0.023589,200
0.022431131,0.027689,200
0.022134272,0.027374,200
0.015326358,0.020399,200
0.014807683,0.021115,200
0.01806125,0.023024,200
0.018587518,0.023390,200
0.01641417,0.021514,200
0.015335067,0.020290,200
0.015478989,0.020301,200
0.015376649,0.021540,200
0.020592336,0.025295,200
0.01932704,0.024006,200
0.016042667,0.020793,200
0.018926011,0.023683,200
0.021575864,0.026609,200
0.019539323,0.024437,200
0.015963143,0.021621,200
0.019863583,0.025210,200
0.023125416,0.028029,200
0.020073725,0.024886,200
0.018050162,0.022896,200
0.020604387,0.025459,200
0.019665072,0.024510,200
0.014336251,0.019107,200
0.016069002,0.021931,200
0.014360054,0.019190,200
0.013727051,0.018552,200
0.017713085,0.023132,200
0.014470986,0.019291,200
0.023654712,0.028834,200
0.016005967,0.020944,200
0.014110436,0.018966,200
0.014385699,0.019307,200
0.014284521,0.019079,200
0.013688181,0.018476,200
0.018406793,0.023245,200
0.013745364,0.018567,200
0.014008542,0.020039,200
0.015227384,0.020108,200
0.025148543,0.030842,200
0.01543969,0.020399,200
0.018037956,0.022878,200
0.02141276,0.026362,200
0.013909799,0.018854,200
0.01453235,0.019456,200
0.024447717,0.029574,200
0.023556491,0.028690,200
0.022967732,0.031349,200
0.021460328,0.026289,200
0.01875742,0.024215,200
0.015919575,0.020720,200
0.019190049,0.024275,200
0.020118997,0.025035,200
0.013713728,0.018543,200
0.013842038,0.018850,200
0.018371472,0.023643,200
0.018810224,0.023690,200
0.020693123,0.025613,200
0.014898555,0.019636,200
0.014552475,0.019906,200
0.020084787,0.025524,200
0.017423676,0.022217,200
0.014580192,0.019454,200
0.02173026,0.026694,200
0.014399938,0.019577,200
0.014714924,0.019425,200
0.016152749,0.021023,200
0.017981805,0.022914,200
0.013072192,0.017858,200
0.013317488,0.018222,200
0.018061224,0.022914,200
0.018113341,0.022971,200
0.016114512,0.020955,200
0.017623655,0.022522,200
0.015383785,0.020254,200
0.020865122,0.025829,200
0.017526347,0.022251,200
0.019104196,0.024049,200
0.015350121,0.020233,200
0.013348957,0.018079,200
0.022176985,0.027045,200
0.015932348,0.020732,200
0.014419881,0.019127,200
0.019558497,0.024974,200
0.018429061,0.023591,200
0.01752317,0.022343,200
0.021195818,0.026011,200
0.013927602,0.018738,200
0.01380855,0.018617,200
0.014995913,0.020093,200
0.017578777,0.022443,200
0.012167177,0.016894,200
0.015218228,0.020072,200
0.027067507,0.032339,200
0.013713926,0.018486,200
0.013260852,0.017992,200
0.011993419,0.016708,200
0.015951594,0.020688,200
0.012059725,0.017297,200
0.012229681,0.017658,200
0.011963951,0.017153,200
0.011411217,0.016563,200
0.018123506,0.022896,200
0.013816273,0.019019,200
0.016121155,0.020842,200
0.019498048,0.024521,200
0.013038328,0.017707,200
0.01322095,0.018112,200
0.020122975,0.024880,200
0.016730532,0.022387,200
0.015534688,0.021061,200
0.01674028,0.021698,200
0.015586064,0.020483,200
0.015894145,0.020784,200
0.014206293,0.019182,200
0.014579525,0.019357,200
0.014344704,0.019917,200
0.01896425,0.024883,200
0.015665535,0.020502,200
0.014481497,0.019367,200
0.013765883,0.019526,200
0.013565612,0.019021,200
0.023804003,0.028671,200
0.015133286,0.019941,200
0.013945116,0.018663,200
0.013877528,0.019102,200
0.015946474,0.023397,200
0.014318184,0.019275,200
0.01349206,0.018364,200
0.015928816,0.020843,200
0.01814484,0.023000,200
0.017628873,0.022493,200
0.018317742,0.023343,200
0.013834013,0.032263,200
0.015244099,0.020603,200
0.014785005,0.019736,200
0.015007683,0.019767,200
0.021294657,0.026605,200
0.019393072,0.024382,200
0.014500826,0.019564,200
0.014899241,0.019690,200
0.012866159,0.017639,200
0.014176673,0.019057,200
0.014930649,0.020467,200
0.018998193,0.023909,200
0.020136837,0.025026,200
0.027372044,0.032903,200
0.014112791,0.019495,200
0.014827789,0.019636,200
0.017270338,0.022002,200
0.01534141,0.020075,200
0.013848139,0.018682,200
0.016711699,0.025765,200
0.016564628,0.021889,200
0.015369031,0.020232,200
0.013474491,0.018824,200
0.013672586,0.018493,200
0.01510785,0.019978,200
0.014291755,0.019163,200
0.014331908,0.019284,200
0.025359849,0.030785,200
0.026953088,0.031942,200
0.018671012,0.023493,200
0.016954968,0.021917,200
0.018231606,0.024093,200
0.015587562,0.020577,200
0.015665296,0.020499,200
0.01883198,0.023703,200
0.015275428,0.020430,200
0.01909441,0.024747,200
0.019160751,0.023920,200
0.015140149,0.019839,200
0.014240269,0.018868,200
0.014579403,0.019369,200
0.020243509,0.025023,200
0.017208835,0.023096,200
0.014209622,0.018958,200
0.01904177,0.023655,200
0.019557066,0.024852,200
0.01713322,0.023111,200
0.015040034,0.019727,200
0.019839387,0.024463,200
0.01785907,0.022787,200
0.014800337,0.020640,200
0.013372506,0.019222,200
0.019933876,0.024718,200
0.013594909,0.019333,200
0.021951731,0.026926,200
0.014526652,0.019728,200
0.01736244,0.022271,200
0.01683135,0.021877,200
0.013032343,0.017743,200
0.021106863,0.025950,200
0.017995914,0.023622,200
0.022178836,0.027643,200
0.015091292,0.020242,200
0.015368122,0.020224,200
0.015007001,0.020152,200
0.015160434,0.019937,200
0.019424036,0.024089,200
0.018341543,0.023258,200
0.016564399,0.021321,200
0.018191127,0.023158,200
0.022492545,0.027504,200
0.024479492,0.030138,200
0.01962482,0.024820,200
0.016647913,0.021488,200
0.020075984,0.025000,200
0.018593332,0.023459,200
0.015564895,0.020226,200
0.013559964,0.018296,200
0.018381055,0.023171,200
0.019719876,0.024688,200
0.015971607,0.020745,200
0.014135388,0.019230,200
0.013345563,0.018144,200
0.016320655,0.021595,200
0.013372341,0.018194,200
0.013363545,0.018289,200
0.01390929,0.018492,200
0.013429143,0.018084,200
0.014234426,0.018815,200
0.014880754,0.020027,200
0.014062456,0.018807,200
0.019046215,0.023669,200
0.015104218,0.020253,200
0.013963668,0.029614,200
0.012644724,0.017268,200
0.01543124,0.033780,200
0.014307802,0.019833,200
0.01432642,0.018938,200
0.013284991,0.017918,200
0.016299343,0.020963,200
0.018503908,0.023238,200
0.017962491,0.023124,200
0.015846241,0.020582,200
0.014904311,0.019750,200
0.018223863,0.023118,200
0.016808178,0.021500,200
0.01285083,0.017584,200
0.01826448,0.023175,200
0.01410613,0.018910,200
0.018859547,0.023756,200
0.018318724,0.023220,200
0.014472119,0.019070,200
0.01455655,0.019211,200
0.017136825,0.022221,200
0.013048105,0.017607,200
0.013715953,0.018294,200
0.018111657,0.022699,200
0.013677962,0.018938,200
0.020273952,0.024916,200
0.013698963,0.018274,200
0.014280138,0.019070,200
0.013563526,0.018357,200
0.013187219,0.017803,200
0.014295599,0.018871,200
0.013725863,0.018984,200
0.014021418,0.018604,200
0.018550863,0.023242,200
0.013438026,0.018114,200
0.01284546,0.017629,200
0.013933948,0.018638,200
0.013711603,0.018299,200
0.014763243,0.020320,200
0.016829817,0.021575,200
0.013844293,0.018563,200
0.013807673,0.018570,200
0.017361464,0.022076,200
0.014205474,0.041911,200
0.022840178,0.027455,200
0.013470121,0.018317,200
0.013588969,0.019076,200
0.020352129,0.024919,200
0.018318089,0.023476,200
0.014490019,0.019167,200
0.014637583,0.019208,200
0.018488044,0.023226,200
0.014422291,0.019008,200
0.013366233,0.017920,200
0.013865843,0.018896,200
0.014280861,0.019406,200
0.013033761,0.017682,200
0.016015766,0.020799,200
0.014043806,0.019067,200
0.019997232,0.025308,200
0.01610319,0.021979,200
0.020196073,0.025231,200
0.016096896,0.020998,200
0.020645669,0.026385,200
0.019601436,0.024664,200
0.013948669,0.019091,200
0.013941533,0.018814,200
0.01842042,0.023293,200
0.030138152,0.035386,200
0.024551924,0.029416,200
0.02369577,0.028571,200
0.023989225,0.028753,200
0.01512146,0.021414,200
0.016182935,0.021277,200
0.017428463,0.022424,200
0.014628976,0.020149,200
0.01313945,0.018687,200
0.015188115,0.019931,200
0.01613343,0.020817,200
0.014404503,0.019077,200
0.014593927,0.019169,200
0.015857423,0.020564,200
0.01356047,0.018136,200
0.013452916,0.018141,200
0.01499729,0.019671,200
0.015787546,0.020454,200
0.01389867,0.018631,200
0.025178973,0.030050,200
0.024096493,0.029072,200
0.015821228,0.020606,200
0.023521012,0.028327,200
0.024301255,0.029189,200
0.026277892,0.031470,200
0.018583268,0.023535,200
0.019458432,0.024332,200
0.013952479,0.018684,200
0.018222217,0.023064,200
0.013429188,0.018192,200
0.018077297,0.022907,200
0.022150872,0.027326,200
0.014178256,0.018918,200
0.015453651,0.020424,200
0.022728538,0.027708,200
0.014236721,0.019059,200
0.01343478,0.018058,200
0.017563367,0.022382,200
0.014803455,0.019425,200
0.014329214,0.018953,200
0.016797757,0.022320,200
0.014622935,0.019350,200
0.014344145,0.019170,200
0.019375702,0.025450,200
0.013978537,0.018706,200
0.013533032,0.019152,200
0.015363303,0.020195,200
0.014307968,0.019070,200
0.014333602,0.019158,200
0.020384109,0.025526,200
0.017714288,0.022950,200
0.018539827,0.024036,200
0.018737791,0.023828,200
0.01648906,0.021398,200
0.018085234,0.023009,200
0.017818924,0.023047,200
0.014255786,0.019142,200
0.017473277,0.022326,200
0.014315077,0.019524,200
0.014431376,0.019500,200
0.01460107,0.020356,200
0.01647131,0.021499,200
0.014881331,0.019567,200
0.013731034,0.018457,200
0.018342735,0.023673,200
0.020436978,0.025532,200
0.017379962,0.022344,200
0.015503445,0.020532,200
0.016029336,0.020798,200
0.018679993,0.023632,200
0.015995175,0.020916,200
0.015510966,0.020376,200
0.015614987,0.020593,200
0.016102063,0.022328,200
0.016811896,0.021668,200
0.014550074,0.019403,200
0.014400636,0.019250,200
0.020024093,0.025195,200
0.019028977,0.024642,200
0.018123629,0.023047,200
0.018874953,0.023927,200
0.014715664,0.019694,200
0.018270796,0.025110,200
0.013309663,0.018083,200
0.019152984,0.024056,200
0.019144235,0.024117,200
0.019042525,0.023756,200
0.013977973,0.018547,200
0.018108288,0.022880,200
0.016750153,0.021466,200
0.01970839,0.024506,200
0.018693777,0.023498,200
0.013207711,0.017878,200
0.01752325,0.023285,200
0.015870241,0.020640,200
0.017251857,0.022001,200
0.020659816,0.025459,200
0.01754524,0.022288,200
0.019833064,0.024652,200
0.016023573,0.020816,200
0.01999266,0.027029,200
0.019541036,0.024243,200
0.01950368,0.024305,200
0.014696029,0.019452,200
0.019244405,0.023975,200
0.015430718,0.020000,200
0.015852544,0.020674,200
0.020181438,0.025239,200
0.0189887,0.023908,200
0.01631656,0.021064,200
0.021088868,0.026165,200
0.014733939,0.019785,200
0.015186665,0.020014,200
0.018429888,0.023252,200
0.017452719,0.022225,200
0.014981598,0.019638,200
0.019531623,0.024244,200
0.01853548,0.023264,200
0.013494385,0.018052,200
0.017877197,0.022472,200
0.018979698,0.024076,200
0.019666921,0.024555,200
0.015634157,0.020451,200
0.013972773,0.018685,200
0.020359,0.025123,200
0.017755209,0.022868,200
0.019008609,0.023990,200
0.018808872,0.023617,200
0.016756477,0.021601,200
0.018135453,0.022972,200
0.017207768,0.023114,200
0.014410559,0.019011,200
0.016373985,0.021050,200
0.014834508,0.019569,200
0.013360664,0.018457,200
0.013878794,0.018464,200
0.016080663,0.021227,200
0.015670152,0.020431,200
0.017219556,0.022067,200
0.019107277,0.023978,200
0.015244308,0.020889,200
0.018105317,0.023212,200
0.013093058,0.017819,200
0.01714543,0.021912,200
0.014089947,0.018876,200
0.018779352,0.023819,200
0.014856074,0.019761,200
0.014379511,0.019219,200
0.013569448,0.018523,200
0.01625025,0.021220,200
0.016966777,0.022199,200
0.013354742,0.018120,200
0.014177089,0.018911,200
0.0190984,0.024106,200
0.02008739,0.025033,200
0.018202355,0.023036,200
0.015564066,0.020333,200
0.015670491,0.020552,200
0.016964111,0.022112,200
0.018186267,0.026255,200
0.016542265,0.021379,200
0.019560272,0.024466,200
0.014018454,0.018853,200
0.013775577,0.019151,200
0.013832568,0.018954,200
0.02078694,0.025693,200
0.013935386,0.018882,200
0.016851433,0.021814,200
0.013496915,0.019691,200
0.014865344,0.019780,200
0.019330328,0.024206,200
0.013605169,0.018461,200
0.01370305,0.018840,200
0.014080793,0.018865,200
0.014989753,0.020477,200
0.015980346,0.021020,200
0.014188148,0.019313,200
0.014250777,0.019118,200
0.01376608,0.018676,200
0.017343566,0.022111,200
0.015480861,0.023186,200
0.018129636,0.022906,200
0.014261863,0.019721,200
0.013036298,0.017574,200
0.013479545,0.018096,200
0.012730129,0.017429,200
0.016472857,0.021170,200
0.017237617,0.022844,200
0.014571015,0.019242,200
0.016103381,0.020765,200
0.015135718,0.020058,200
0.013998865,0.018786,200
0.014920857,0.021152,200
0.015478351,0.020344,200
0.013480865,0.025834,200
0.017701467,0.023709,200
0.021844804,0.026988,200
0.019951914,0.024773,200
0.014929517,0.021011,200
0.024037365,0.028680,200
0.01904966,0.023723,200
0.01874556,0.026969,200
0.014621539,0.019446,200
0.019446664,0.024041,200
0.016446635,0.021182,200
0.019072048,0.023943,200
