status,latency
200,0.309975
200,0.043985
200,0.038746
200,0.031682
200,0.017322
200,0.016773
200,0.017573
200,0.022742
200,0.017457
200,0.016263
200,0.018394
200,0.020467
200,0.018428
200,0.019551
200,0.022101
200,0.017057
200,0.022878
200,0.016957
200,0.019875
200,0.019858
200,0.020532
200,0.020587
200,0.022905
200,0.017557
200,0.021352
200,0.018808
200,0.019501
200,0.016961
200,0.019653
200,0.020620
200,0.019567
200,0.026662
200,0.018910
200,0.017206
200,0.024490
200,0.018519
200,0.016752
200,0.016076
200,0.020660
200,0.023085
200,0.017202
200,0.022620
200,0.025773
200,0.015976
200,0.018339
200,0.022990
200,0.016269
200,0.021542
200,0.021200
200,0.016798
200,0.020027
200,0.025628
200,0.020697
200,0.021145
200,0.017667
200,0.023397
200,0.016694
200,0.023388
200,0.023329
200,0.016716
200,0.023192
200,0.021570
200,0.023754
200,0.020254
200,0.019072
200,0.023044
200,0.023151
200,0.016879
200,0.020735
200,0.021171
200,0.017358
200,0.022035
200,0.024213
200,0.020988
200,0.019041
200,0.017070
200,0.017684
200,0.020287
200,0.016539
200,0.018435
200,0.017757
200,0.023167
200,0.023962
200,0.022145
200,0.027218
200,0.021891
200,0.039311
200,0.020786
200,0.022391
200,0.019943
200,0.021728
200,0.024685
200,0.021535
200,0.030636
200,0.022398
200,0.025825
200,0.018341
200,0.021457
200,0.018511
200,0.021586
200,0.020857
200,0.021312
200,0.028493
200,0.016661
200,0.021540
200,0.021502
200,0.016383
200,0.018097
200,0.033901
200,0.018541
200,0.018704
200,0.017943
200,0.020861
200,0.022933
200,0.018440
200,0.015544
200,0.017212
200,0.017322
200,0.018430
200,0.022763
200,0.017490
200,0.019780
200,0.017642
200,0.027404
200,0.019919
200,0.021558
200,0.020796
200,0.043868
200,0.016876
200,0.017809
200,0.024311
200,0.016935
200,0.015517
200,0.018476
200,0.022334
200,0.019582
200,0.016490
200,0.016300
200,0.021661
200,0.019077
200,0.018478
200,0.016359
200,0.021131
200,0.019452
200,0.016546
200,0.022155
200,0.018872
200,0.020139
200,0.016232
200,0.022254
200,0.018281
200,0.018026
200,0.022853
200,0.023389
200,0.016551
200,0.016142
200,0.022355
200,0.020084
200,0.020031
200,0.018419
200,0.017382
200,0.020234
200,0.022892
200,0.023755
200,0.017100
200,0.016485
200,0.018373
200,0.016713
200,0.018347
200,0.020892
200,0.018853
200,0.019595
200,0.016501
200,0.018028
200,0.017542
200,0.018679
200,0.017484
200,0.024371
200,0.016522
200,0.017582
200,0.015246
200,0.017562
200,0.019918
200,0.019746
200,0.021538
200,0.019573
200,0.019613
200,0.019438
200,0.019543
200,0.025006
200,0.023383
200,0.018747
200,0.018177
200,0.018318
200,0.026450
200,0.019575
200,0.016413
200,0.015819
200,0.018456
200,0.015411
200,0.019209
200,0.017291
200,0.017105
200,0.016586
200,0.016670
200,0.016406
200,0.019332
200,0.016024
200,0.017345
200,0.017433
200,0.022863
200,0.022693
200,0.015972
200,0.015086
200,0.018882
200,0.015934
200,0.016410
200,0.019022
200,0.021956
200,0.017780
200,0.021832
200,0.018811
200,0.020312
200,0.016371
200,0.021796
200,0.024001
200,0.021126
200,0.017151
200,0.023406
200,0.019291
200,0.022524
200,0.021486
200,0.020396
200,0.017181
200,0.016098
200,0.015851
200,0.017915
200,0.017765
200,0.018923
200,0.020338
200,0.016129
200,0.021500
200,0.028573
200,0.017496
200,0.018208
200,0.016139
200,0.021301
200,0.019735
200,0.016819
200,0.020104
200,0.020924
200,0.032629
200,0.018487
200,0.027552
200,0.026566
200,0.046248
200,0.019866
200,0.015976
200,0.020681
200,0.015584
200,0.017861
200,0.017118
200,0.017661
200,0.017579
200,0.019600
200,0.014976
200,0.016278
200,0.020258
200,0.016492
200,0.020101
200,0.017013
200,0.019269
200,0.021065
200,0.016347
200,0.021355
200,0.017346
200,0.016261
200,0.017573
200,0.019978
200,0.029138
200,0.022067
200,0.026654
200,0.026969
200,0.024048
200,0.021029
200,0.020179
200,0.025369
200,0.017342
200,0.017229
200,0.016138
200,0.018907
200,0.017564
200,0.015863
200,0.017594
200,0.016592
200,0.016644
200,0.023306
200,0.017197
200,0.021965
200,0.030506
200,0.020576
200,0.018456
200,0.016885
200,0.019722
200,0.017568
200,0.016751
200,0.025671
200,0.014801
200,0.018290
200,0.015805
200,0.023273
200,0.021706
200,0.020701
200,0.016407
200,0.017160
200,0.018332
200,0.018496
200,0.016780
200,0.018283
200,0.016712
200,0.020059
200,0.015921
200,0.016114
200,0.022870
200,0.021993
200,0.016731
200,0.017597
200,0.021772
200,0.020816
200,0.017297
200,0.016065
200,0.017640
200,0.016046
200,0.016465
200,0.018498
200,0.021648
200,0.015953
200,0.020891
200,0.022277
200,0.017379
200,0.017304
200,0.028633
200,0.022395
200,0.020349
200,0.020266
200,0.016369
200,0.015620
200,0.022392
200,0.029246
200,0.023287
200,0.016588
200,0.017791
200,0.017051
200,0.017309
200,0.014775
200,0.021091
200,0.018601
200,0.020635
200,0.021101
200,0.022890
200,0.022601
200,0.019311
200,0.018654
200,0.017192
200,0.017970
200,0.018970
200,0.021902
200,0.021737
200,0.021415
200,0.022996
200,0.016859
200,0.016368
200,0.021055
200,0.019063
200,0.018063
200,0.015603
200,0.018809
200,0.019053
200,0.026294
200,0.019507
200,0.019647
200,0.028472
200,0.038014
200,0.025908
200,0.019610
200,0.019969
200,0.022017
200,0.022308
200,0.020566
200,0.017033
200,0.022229
200,0.016675
200,0.022673
200,0.019773
200,0.019836
200,0.021619
200,0.016323
200,0.018944
200,0.016537
200,0.015320
200,0.021943
200,0.015763
200,0.020617
200,0.015379
200,0.015888
200,0.020558
200,0.019428
200,0.025498
200,0.021960
200,0.020982
200,0.015426
200,0.019394
200,0.015383
200,0.023169
200,0.023953
200,0.016398
200,0.019281
200,0.016720
200,0.016617
200,0.015545
200,0.020294
200,0.021775
200,0.021206
200,0.017283
200,0.015626
200,0.017508
200,0.021429
200,0.020371
200,0.016227
200,0.019830
200,0.019427
200,0.021868
200,0.022860
200,0.023659
200,0.024421
200,0.016631
200,0.016707
200,0.017361
200,0.015346
200,0.024650
200,0.016108
200,0.019754
200,0.016416
200,0.017941
200,0.016173
200,0.024805
200,0.016922
200,0.030221
200,0.016218
200,0.016708
200,0.020252
200,0.018705
200,0.019148
200,0.015613
200,0.020499
200,0.023155
200,0.024666
200,0.016891
200,0.021875
200,0.020498
200,0.021715
200,0.020271
200,0.021107
200,0.016012
200,0.018594
200,0.021887
200,0.030537
200,0.015689
200,0.045517
200,0.018398
200,0.034672
200,0.018332
200,0.025508
200,0.027261
200,0.017781
200,0.016720
200,0.020848
200,0.015314
200,0.016404
200,0.017272
200,0.020191
200,0.015818
200,0.019290
200,0.016966
200,0.016526
200,0.015277
200,0.024595
200,0.015591
200,0.020242
200,0.020782
200,0.022066
200,0.022133
200,0.021637
200,0.017457
200,0.016176
200,0.016370
200,0.019213
200,0.017240
200,0.021097
200,0.016431
200,0.021065
200,0.022815
200,0.015860
200,0.015815
200,0.021028
200,0.016655
200,0.016004
200,0.016480
200,0.020282
200,0.017144
200,0.019298
200,0.029749
200,0.016694
200,0.021550
200,0.020658
200,0.019915
200,0.015881
200,0.019990
200,0.016050
200,0.022393
200,0.021762
200,0.015893
200,0.019188
200,0.018957
200,0.020350
200,0.016438
200,0.017276
200,0.016944
200,0.016887
200,0.017362
200,0.020958
200,0.021197
200,0.017201
200,0.021815
200,0.017118
200,0.021346
200,0.015269
200,0.022378
200,0.017036
200,0.015724
200,0.015884
200,0.016183
200,0.022276
200,0.017092
200,0.027440
200,0.018006
200,0.016565
200,0.015546
200,0.022929
200,0.016365
200,0.019839
200,0.021669
200,0.016906
200,0.016696
200,0.019964
200,0.016295
200,0.016710
200,0.017523
200,0.020805
200,0.023813
200,0.022656
200,0.016539
200,0.023481
200,0.019397
200,0.023421
200,0.019614
200,0.016972
200,0.022463
200,0.028021
200,0.019849
200,0.018169
200,0.022508
200,0.018942
200,0.016437
200,0.016267
200,0.022130
200,0.029577
200,0.018448
200,0.019717
200,0.018892
200,0.021781
200,0.017902
200,0.018660
200,0.018969
200,0.017416
200,0.018451
200,0.020434
200,0.019726
200,0.022472
200,0.018912
200,0.020256
200,0.018514
200,0.019922
200,0.024021
200,0.022086
200,0.023846
200,0.028885
200,0.028208
200,0.018037
200,0.019088
200,0.018972
200,0.020406
200,0.016485
200,0.022043
200,0.022950
200,0.023355
200,0.015926
200,0.016057
200,0.020110
200,0.018659
200,0.018693
200,0.021179
200,0.020609
200,0.022095
200,0.016178
200,0.015903
200,0.016620
200,0.016313
200,0.016529
200,0.018140
200,0.016408
200,0.020459
200,0.021503
200,0.023674
200,0.017086
200,0.020709
200,0.022379
200,0.018881
200,0.015494
200,0.016405
200,0.017705
200,0.020645
200,0.020357
200,0.022963
200,0.023575
200,0.021387
200,0.028747
200,0.018470
200,0.023434
200,0.019462
200,0.026239
200,0.015929
200,0.018588
200,0.015676
200,0.019438
200,0.016191
200,0.017574
200,0.017116
200,0.016356
200,0.015059
200,0.016582
200,0.022096
200,0.017481
200,0.019855
200,0.018377
200,0.016636
200,0.017031
200,0.021286
200,0.019104
200,0.017808
200,0.016982
200,0.016544
200,0.017626
200,0.016204
200,0.025583
200,0.017310
200,0.016398
200,0.017457
200,0.015986
200,0.018805
200,0.015921
200,0.036777
200,0.016592
200,0.025346
200,0.016229
200,0.033240
200,0.016440
200,0.015997
200,0.019744
200,0.021597
200,0.014203
200,0.013356
200,0.014248
200,0.014405
200,0.013859
200,0.015904
200,0.013926
200,0.013684
200,0.014248
200,0.013202
200,0.022309
200,0.016930
200,0.015032
200,0.013899
200,0.026152
200,0.015305
200,0.013115
200,0.014063
200,0.019833
200,0.014628
200,0.015374
200,0.016555
200,0.013300
200,0.020273
200,0.015173
200,0.015633
200,0.017420
200,0.015669
200,0.021596
200,0.019534
200,0.036696
200,0.021708
200,0.016819
200,0.017414
200,0.020685
200,0.020564
200,0.015714
200,0.016278
200,0.015274
200,0.015652
200,0.018377
200,0.015850
200,0.019121
200,0.021094
200,0.019227
200,0.021418
200,0.014915
200,0.019981
200,0.019170
200,0.016952
200,0.018722
200,0.017983
200,0.015856
200,0.020855
200,0.019320
200,0.021736
200,0.016831
200,0.017007
200,0.016105
200,0.018835
200,0.016358
200,0.015209
200,0.019978
200,0.016631
200,0.023295
200,0.017201
200,0.015175
200,0.017646
200,0.016672
200,0.023342
200,0.019043
200,0.017917
200,0.017539
200,0.015856
200,0.015996
200,0.015105
200,0.019586
200,0.016556
200,0.019189
200,0.015480
200,0.021204
200,0.020715
200,0.019932
200,0.019857
200,0.022734
200,0.021576
200,0.015387
200,0.018580
200,0.020211
200,0.016224
200,0.021498
200,0.016963
200,0.019584
200,0.022862
200,0.021344
200,0.016132
200,0.017396
200,0.016256
200,0.016762
200,0.016706
200,0.020616
200,0.023198
200,0.022631
200,0.018920
200,0.017216
200,0.017394
200,0.016820
200,0.022764
200,0.017432
200,0.019084
200,0.016026
200,0.017193
200,0.020465
200,0.017844
200,0.020918
200,0.016947
200,0.018026
200,0.015669
200,0.020913
200,0.021035
200,0.016794
200,0.015281
200,0.017824
200,0.019971
200,0.021774
200,0.023920
200,0.018108
200,0.027914
200,0.019894
200,0.022264
200,0.023204
200,0.022585
200,0.016428
200,0.019071
200,0.016100
200,0.018305
200,0.015506
200,0.019512
200,0.019988
200,0.021457
200,0.019774
200,0.020682
200,0.019032
200,0.020084
200,0.022726
200,0.019749
200,0.017631
200,0.015589
200,0.017499
200,0.017856
200,0.018629
200,0.017389
200,0.021384
200,0.020347
200,0.022085
200,0.017613
200,0.017161
200,0.020127
200,0.017388
200,0.022264
200,0.027543
200,0.023079
200,0.019275
200,0.016438
200,0.016255
200,0.018702
200,0.018127
200,0.018715
200,0.016991
200,0.017180
200,0.018004
200,0.017058
200,0.017382
200,0.016267
200,0.018360
200,0.022083
200,0.016159
200,0.022907
200,0.016834
200,0.016911
200,0.016710
200,0.016833
200,0.018514
200,0.015941
200,0.016202
200,0.016355
200,0.022158
200,0.015658
200,0.016805
200,0.015906
200,0.017717
200,0.019636
200,0.018181
200,0.019062
200,0.016752
200,0.018840
200,0.017297
200,0.018064
200,0.016622
200,0.016094
200,0.018480
200,0.016899
200,0.020852
200,0.018177
200,0.015938
200,0.015746
200,0.017466
200,0.015410
200,0.016999
200,0.015991
200,0.017353
200,0.017358
200,0.017375
200,0.015935
200,0.017261
200,0.025112
200,0.031356
200,0.013800
200,0.014555
200,0.016859
200,0.017870
200,0.019644
200,0.019663
200,0.029785
200,0.028864
200,0.029054
200,0.013749
200,0.014714
200,0.017631
200,0.017815
200,0.017161
200,0.021378
200,0.015941
200,0.016912
200,0.020072
200,0.017094
200,0.016276
200,0.028469
200,0.022899
200,0.018270
200,0.017220
200,0.016695
200,0.017508
200,0.015246
200,0.021967
200,0.017733
200,0.020789
200,0.022909
200,0.019898
200,0.017455
200,0.019528
200,0.018847
200,0.018584
200,0.015289
200,0.019781
200,0.016475
200,0.015148
200,0.020715
200,0.023057
200,0.015126
200,0.020948
200,0.017419
200,0.016862
200,0.018782
200,0.021555
200,0.016546
200,0.015957
200,0.021998
200,0.017464
200,0.015502
200,0.020490
200,0.016911
200,0.021040
200,0.015700
200,0.017157
200,0.021593
200,0.021400
200,0.022334
200,0.022687
200,0.019060
200,0.015290
200,0.022013
200,0.020359
200,0.020820
200,0.017880
200,0.022535
200,0.022216
200,0.021825
200,0.016737
200,0.019459
200,0.015379
200,0.020565
200,0.020630
200,0.023906
200,0.016325
200,0.016363
200,0.021746
200,0.031044
200,0.020467
200,0.018490
200,0.016627
200,0.015870
200,0.023454
200,0.026434
200,0.021580
200,0.017457
200,0.023201
200,0.022730
200,0.024167
200,0.021272
200,0.018518
200,0.018209
200,0.017321
200,0.019736
200,0.017689
200,0.019087
200,0.019028
200,0.017303
200,0.024206
200,0.016551
200,0.022988
200,0.021193
200,0.019623
200,0.015445
200,0.021398
200,0.019886
200,0.019487
200,0.020754
200,0.018949
200,0.019940
200,0.018239
200,0.016948
200,0.022615
200,0.017211
200,0.016607
200,0.023761
200,0.016431
200,0.022567
200,0.022196
200,0.016784
200,0.016103
200,0.018607
200,0.020854
200,0.022011
200,0.016060
200,0.017070
200,0.019509
200,0.016691
200,0.022201
200,0.016312
200,0.015893
200,0.016744
200,0.015374
200,0.017001
200,0.019464
200,0.016366
200,0.017291
200,0.016589
200,0.015712
200,0.017219
200,0.019480
200,0.017012
200,0.015942
200,0.017994
200,0.017419
200,0.022696
200,0.016932
200,0.020498
200,0.016008
200,0.015338
200,0.021705
200,0.015176
200,0.020952
200,0.017146
200,0.019304
200,0.016025
200,0.016276
200,0.016549
200,0.016891
200,0.016895
200,0.015987
200,0.016526
200,0.015785
200,0.018881
200,0.017064
200,0.016219
200,0.027751
200,0.026227
200,0.015564
200,0.020082
200,0.018714
200,0.015546
200,0.021936
200,0.025980
200,0.019792
200,0.033166
200,0.020146
200,0.019873
200,0.022300
200,0.017772
200,0.021752
200,0.026638
200,0.015840
200,0.016538
200,0.023685
200,0.022276
200,0.018323
200,0.015753
200,0.016762
200,0.022981
200,0.016836
200,0.018725
200,0.019634
200,0.015349
200,0.017036
200,0.015931
200,0.016402
200,0.015807
200,0.020557
200,0.023323
200,0.015999
200,0.020472
200,0.017240
200,0.017779
200,0.021260
200,0.014552
200,0.016162
200,0.019236
200,0.016428
200,0.017684
200,0.019989
200,0.018471
200,0.016901
200,0.016821
200,0.016872
200,0.016111
200,0.015780
200,0.016614
200,0.017146
200,0.020790
200,0.016638
200,0.019608
200,0.020581
200,0.016461
200,0.015557
200,0.022881
200,0.016584
200,0.018728
200,0.016878
200,0.024157
200,0.016781
200,0.016154
200,0.017013
200,0.024748
200,0.015261
200,0.017410
200,0.015436
200,0.016513
200,0.018982
200,0.015993
200,0.016329
200,0.015466
200,0.016710
200,0.020596
200,0.020706
200,0.016662
200,0.015978
200,0.016380
200,0.016215
200,0.022811
200,0.035627
200,0.025158
200,0.015020
200,0.022779
200,0.016457
200,0.019093
200,0.016106
200,0.019324
200,0.017126
200,0.015217
200,0.016063
200,0.019624
200,0.021328
200,0.016246
200,0.017429
200,0.015952
200,0.019331
200,0.017237
200,0.017362
200,0.016085
200,0.016860
200,0.016764
200,0.016878
200,0.015659
200,0.018227
200,0.015455
200,0.018714
200,0.015198
200,0.017072
200,0.016421
200,0.017189
200,0.016017
200,0.015570
200,0.017427
200,0.020079
200,0.020282
200,0.024150
200,0.018587
200,0.021811
200,0.018175
200,0.017228
200,0.017241
200,0.026452
200,0.019599
200,0.021364
200,0.021148
200,0.018712
200,0.019032
200,0.020615
200,0.018895
200,0.015283
200,0.016018
200,0.016602
200,0.014553
200,0.017788
200,0.019192
200,0.015770
200,0.019438
200,0.021487
200,0.017830
200,0.020000
200,0.018745
200,0.021886
200,0.019933
200,0.015713
200,0.018834
200,0.013932
200,0.018353
200,0.016418
200,0.019240
200,0.014111
200,0.024044
200,0.016219
200,0.019876
200,0.023214
200,0.017622
200,0.023198
200,0.020027
200,0.014987
200,0.022241
200,0.018289
200,0.016431
200,0.016098
200,0.020415
200,0.015587
200,0.019801
200,0.016268
200,0.019223
200,0.020361
200,0.017155
200,0.017888
200,0.015971
200,0.016955
200,0.016159
200,0.019862
200,0.017397
200,0.021498
200,0.016529
200,0.017163
200,0.019976
200,0.020150
200,0.021775
200,0.017073
200,0.017859
200,0.029126
200,0.022420
200,0.015823
200,0.019107
200,0.016364
200,0.021959
200,0.015802
200,0.015850
200,0.014745
200,0.019010
200,0.016669
200,0.020463
200,0.014740
200,0.018210
200,0.015253
200,0.017570
200,0.016336
200,0.016166
200,0.015970
200,0.016263
200,0.015934
200,0.020446
200,0.017421
200,0.021813
200,0.016367
200,0.020359
200,0.016225
200,0.016190
200,0.017594
200,0.021126
200,0.022953
200,0.016207
200,0.021558
200,0.021183
200,0.019629
200,0.015953
200,0.016602
200,0.022858
200,0.022181
200,0.015272
200,0.021347
200,0.017308
200,0.023698
200,0.017836
200,0.021425
200,0.017161
200,0.017172
200,0.016288
200,0.020509
200,0.020779
200,0.016447
200,0.019625
200,0.018081
200,0.018733
200,0.015704
200,0.021467
200,0.015791
200,0.020062
200,0.021066
200,0.015962
200,0.015207
200,0.017787
200,0.030087
200,0.019977
200,0.017708
200,0.016168
200,0.014832
200,0.020639
200,0.017441
200,0.025756
200,0.022041
200,0.018850
200,0.022050
200,0.015527
200,0.015878
200,0.019438
200,0.015888
200,0.017561
200,0.018095
200,0.016413
200,0.022840
200,0.021355
200,0.020824
200,0.016468
200,0.016345
200,0.018516
200,0.015878
200,0.019158
200,0.016666
200,0.024899
200,0.016151
200,0.015208
200,0.023657
200,0.014726
200,0.015709
200,0.020372
200,0.018113
200,0.022086
200,0.016747
200,0.017236
200,0.016248
200,0.015239
200,0.019720
200,0.015519
200,0.015587
200,0.015322
200,0.015947
200,0.016360
200,0.019183
200,0.018250
200,0.015893
200,0.016923
200,0.019943
200,0.016186
200,0.015836
200,0.016522
200,0.019344
200,0.015150
200,0.018239
200,0.018776
200,0.015978
200,0.016694
200,0.019357
200,0.018277
200,0.017008
200,0.022731
200,0.015163
200,0.015688
200,0.017579
200,0.017391
200,0.022519
200,0.016659
200,0.017352
200,0.017223
200,0.023574
200,0.017702
200,0.017736
200,0.016570
200,0.019361
200,0.016108
200,0.024507
200,0.023631
200,0.017085
200,0.017903
200,0.016287
200,0.015335
200,0.015889
200,0.016220
200,0.018292
200,0.016798
200,0.017840
200,0.018493
200,0.015377
200,0.018115
200,0.016559
200,0.019949
200,0.016549
200,0.015966
200,0.016112
200,0.016745
200,0.015816
200,0.015984
200,0.015799
200,0.015562
200,0.015880
200,0.020087
200,0.015319
200,0.016622
200,0.015732
200,0.016753
200,0.017465
200,0.015417
200,0.015979
200,0.017260
200,0.015778
200,0.013834
200,0.018033
200,0.014936
200,0.014909
200,0.014450
200,0.015393
200,0.018662
200,0.015831
200,0.014666
200,0.015641
200,0.015490
200,0.014678
200,0.016201
200,0.014576
200,0.016613
200,0.014886
200,0.024392
200,0.015719
200,0.017629
200,0.013179
200,0.018865
200,0.013858
200,0.018262
200,0.017942
200,0.015373
200,0.013488
200,0.017222
200,0.015215
200,0.017294
200,0.016360
200,0.016257
200,0.013369
200,0.012893
200,0.019434
200,0.013610
200,0.013589
200,0.020289
200,0.016011
200,0.014040
200,0.015169
200,0.017267
200,0.022588
200,0.016803
200,0.016525
200,0.015419
200,0.017894
200,0.019473
200,0.016781
200,0.018144
200,0.027240
200,0.021769
200,0.020232
200,0.020992
200,0.020156
200,0.017234
200,0.018547
200,0.016200
200,0.019418
200,0.016397
200,0.016620
200,0.015532
200,0.015721
200,0.019563
200,0.016789
200,0.021208
200,0.016715
200,0.018963
200,0.015499
200,0.020879
200,0.022656
200,0.018969
200,0.021803
200,0.021464
200,0.017871
200,0.021413
200,0.017216
200,0.019740
200,0.015850
200,0.017813
200,0.017390
200,0.018193
200,0.017120
200,0.017895
200,0.020134
200,0.015660
200,0.019725
200,0.016373
200,0.016469
200,0.018480
200,0.018316
200,0.016340
200,0.014865
200,0.017369
200,0.023335
200,0.019723
200,0.021300
200,0.021113
200,0.021583
200,0.017591
200,0.019425
200,0.016510
200,0.021734
200,0.017094
200,0.020348
200,0.020521
200,0.016766
200,0.017219
200,0.016655
200,0.021457
200,0.022128
200,0.021735
200,0.015282
200,0.020340
200,0.016408
200,0.017671
200,0.016648
200,0.015681
200,0.017502
200,0.016612
200,0.017126
200,0.016369
200,0.017632
200,0.015959
200,0.016636
200,0.020910
200,0.018697
200,0.016056
200,0.020872
200,0.019547
200,0.016115
200,0.016600
200,0.016231
200,0.016019
200,0.016535
200,0.019795
200,0.017824
200,0.019634
200,0.020969
200,0.019380
200,0.020794
200,0.028975
200,0.021985
200,0.016989
200,0.018695
200,0.021476
200,0.016936
200,0.016380
200,0.016446
200,0.015963
200,0.019066
200,0.016979
200,0.015570
200,0.019479
200,0.019913
200,0.022322
200,0.018752
200,0.018465
200,0.016025
200,0.022559
200,0.017904
200,0.016504
200,0.017041
200,0.021511
200,0.023099
200,0.022943
200,0.019400
200,0.016455
200,0.016260
200,0.020848
200,0.020915
200,0.041940
200,0.015414
200,0.017030
200,0.018621
200,0.017776
200,0.020220
200,0.017812
200,0.016909
200,0.021631
200,0.021722
200,0.014928
200,0.017163
200,0.015988
200,0.021432
200,0.021106
200,0.015825
200,0.019968
200,0.016756
200,0.022990
200,0.018249
200,0.016382
200,0.018492
200,0.020217
200,0.016422
200,0.018459
200,0.015587
200,0.020746
200,0.016669
200,0.016143
200,0.016402
200,0.021506
200,0.015628
200,0.016398
200,0.020026
200,0.016870
200,0.021731
200,0.020973
200,0.016123
200,0.018193
200,0.019302
200,0.015520
200,0.020062
200,0.024437
200,0.022238
200,0.019491
200,0.016098
200,0.016426
200,0.017140
200,0.023197
200,0.019547
200,0.020317
200,0.017207
200,0.017476
200,0.017473
200,0.024109
200,0.015243
200,0.017045
200,0.018669
200,0.018656
200,0.019772
200,0.016622
200,0.036535
200,0.016033
200,0.017068
200,0.016541
200,0.015048
200,0.015328
200,0.019604
200,0.017767
200,0.016251
200,0.018583
200,0.021910
200,0.016046
200,0.015759
200,0.016243
200,0.023977
200,0.022219
200,0.023738
200,0.016346
200,0.022271
200,0.022369
200,0.024862
200,0.015404
200,0.016831
200,0.020560
200,0.016000
200,0.015724
200,0.017356
200,0.017316
200,0.022150
200,0.020052
200,0.019505
200,0.015580
200,0.018837
200,0.021736
200,0.021835
200,0.016245
200,0.018612
200,0.014559
200,0.016264
200,0.022784
200,0.021478
200,0.016227
200,0.016247
200,0.021469
200,0.019888
200,0.017774
200,0.015822
200,0.015361
200,0.018632
200,0.015859
200,0.018230
200,0.020863
200,0.015611
200,0.020453
200,0.023391
200,0.021775
200,0.020284
200,0.020649
200,0.015954
200,0.018018
200,0.015784
200,0.016835
200,0.019728
200,0.018507
200,0.015345
200,0.016848
200,0.020768
200,0.019301
200,0.023549
200,0.017754
200,0.016803
200,0.022021
200,0.017911
200,0.016995
200,0.015499
200,0.018317
200,0.018244
200,0.019513
200,0.026111
200,0.017217
200,0.016829
200,0.021107
200,0.020525
200,0.020206
200,0.018982
200,0.017411
200,0.018688
200,0.016239
200,0.016517
200,0.019142
200,0.019504
200,0.016892
200,0.016862
200,0.015837
200,0.015707
200,0.015082
200,0.020295
200,0.021264
200,0.016603
200,0.017637
200,0.018837
200,0.015996
200,0.019699
200,0.019683
200,0.022264
200,0.017349
200,0.021076
200,0.019780
200,0.020385
200,0.018937
200,0.019021
200,0.025853
200,0.015826
200,0.023154
200,0.019049
200,0.020979
200,0.021044
200,0.015992
200,0.020902
200,0.015072
200,0.018891
200,0.016513
200,0.016962
200,0.020603
200,0.016976
200,0.020116
200,0.015849
200,0.015789
200,0.021987
200,0.015911
200,0.029485
200,0.024395
200,0.019496
200,0.014028
200,0.018091
200,0.013987
200,0.018574
200,0.022329
200,0.020510
200,0.017496
200,0.018570
200,0.013040
200,0.021231
200,0.013431
200,0.014160
200,0.014438
200,0.016490
200,0.017925
200,0.021268
200,0.016055
200,0.020096
200,0.016455
200,0.018079
200,0.015691
200,0.023999
200,0.016875
200,0.016655
200,0.017952
200,0.018465
200,0.016444
200,0.019123
200,0.021151
200,0.016162
200,0.018777
200,0.017320
200,0.016171
200,0.018179
200,0.015650
200,0.015845
200,0.018412
200,0.016265
200,0.017912
200,0.016046
200,0.021350
200,0.016429
200,0.019268
200,0.016957
200,0.016353
200,0.023943
200,0.015844
200,0.017409
200,0.016467
200,0.015406
200,0.020266
200,0.016170
200,0.017784
200,0.016429
200,0.016808
200,0.020871
200,0.021682
200,0.018593
200,0.014633
200,0.016383
200,0.021243
200,0.018650
200,0.023356
200,0.026564
200,0.022411
200,0.020644
200,0.022531
200,0.022755
200,0.016442
200,0.021701
200,0.020747
200,0.018631
200,0.023066
200,0.016365
200,0.017646
200,0.020490
200,0.017411
200,0.021677
200,0.019145
200,0.021502
200,0.023627
200,0.020035
200,0.018194
200,0.020128
200,0.017159
200,0.014097
200,0.015484
200,0.015011
200,0.013898
200,0.016852
200,0.020281
200,0.018013
200,0.016262
200,0.018008
200,0.017849
200,0.016916
200,0.018425
200,0.019790
200,0.017170
200,0.018637
200,0.017592
200,0.020842
200,0.019684
200,0.017636
200,0.021765
200,0.021380
200,0.022709
200,0.022031
200,0.021562
200,0.019117
200,0.020101
200,0.022086
200,0.016362
200,0.016528
200,0.019150
200,0.019648
200,0.018960
200,0.016019
200,0.020727
200,0.019647
200,0.016435
200,0.016233
200,0.016408
200,0.017437
200,0.022540
200,0.016714
200,0.016588
200,0.016109
200,0.019564
200,0.023829
200,0.016998
200,0.017388
200,0.015258
200,0.016778
200,0.024131
200,0.015521
200,0.020019
200,0.019620
200,0.016553
200,0.017834
200,0.022850
200,0.019856
200,0.015572
200,0.018499
200,0.015402
200,0.019578
200,0.020385
200,0.021735
200,0.017188
200,0.024411
200,0.019611
200,0.021255
200,0.016040
200,0.016801
200,0.017569
200,0.021175
200,0.021554
200,0.017768
200,0.020747
200,0.022033
200,0.018077
200,0.018786
200,0.016954
200,0.019790
200,0.021002
200,0.017394
200,0.026854
200,0.020132
200,0.015665
200,0.023264
200,0.016914
200,0.019113
200,0.017262
200,0.016089
200,0.015679
200,0.021343
200,0.016026
200,0.019509
200,0.017698
200,0.020984
200,0.015884
200,0.022195
200,0.021173
200,0.017394
200,0.023063
200,0.016039
200,0.021791
200,0.016981
200,0.022586
200,0.019753
200,0.017357
200,0.016026
200,0.024517
200,0.016887
200,0.018295
200,0.016409
200,0.015498
200,0.018766
200,0.020997
200,0.021968
200,0.022331
200,0.020792
200,0.017023
200,0.015841
200,0.015952
200,0.019983
200,0.017698
200,0.020500
200,0.016818
200,0.014899
200,0.018134
200,0.016079
200,0.017745
200,0.015696
200,0.017310
200,0.019885
200,0.024447
200,0.022447
200,0.021014
200,0.016762
200,0.020292
200,0.023075
200,0.018996
200,0.015906
200,0.019457
200,0.019413
200,0.017522
200,0.024019
200,0.017137
200,0.021397
200,0.017417
200,0.021390
200,0.021446
200,0.017151
200,0.022771
200,0.016265
200,0.021228
200,0.016028
200,0.018011
200,0.018556
200,0.017505
200,0.017034
200,0.016299
200,0.016848
200,0.019721
200,0.021937
200,0.017164
200,0.019708
200,0.021341
200,0.015916
200,0.016751
200,0.018255
200,0.016167
200,0.018711
200,0.015549
200,0.020096
200,0.018654
200,0.016854
200,0.017447
200,0.016694
200,0.015892
200,0.020291
200,0.021833
200,0.016176
200,0.015922
200,0.021354
200,0.022443
200,0.015878
200,0.021755
200,0.017045
200,0.020038
200,0.020589
200,0.014586
200,0.017390
200,0.021753
200,0.013364
200,0.016081
200,0.016213
200,0.017333
200,0.014807
200,0.021383
200,0.021585
200,0.016961
200,0.016502
200,0.016577
200,0.016831
200,0.017551
200,0.015754
200,0.016938
200,0.016716
200,0.017187
200,0.018052
200,0.022198
200,0.016680
200,0.017272
200,0.018297
200,0.016538
200,0.019842
200,0.016392
200,0.017734
200,0.017140
200,0.017175
200,0.015964
200,0.019328
200,0.017862
200,0.019834
200,0.017969
200,0.016664
200,0.016756
200,0.017920
200,0.016996
200,0.015765
200,0.014771
200,0.019397
200,0.017986
200,0.020573
200,0.020248
200,0.015259
200,0.020684
200,0.016333
200,0.021788
200,0.016289
200,0.021590
200,0.017437
200,0.023134
200,0.020867
200,0.015887
200,0.018777
200,0.016550
200,0.023092
200,0.018874
200,0.015807
200,0.017366
200,0.023293
200,0.025368
200,0.022051
200,0.019276
200,0.022396
200,0.020186
200,0.017563
200,0.032804
200,0.024295
200,0.021666
200,0.016415
200,0.018212
200,0.017700
200,0.022531
200,0.022490
200,0.021881
200,0.016893
200,0.015281
200,0.021024
200,0.020258
200,0.017527
200,0.019530
200,0.021757
200,0.021070
200,0.017718
200,0.016249
200,0.022891
200,0.016961
200,0.015705
200,0.016505
200,0.017923
200,0.019568
200,0.017773
200,0.016773
200,0.020623
200,0.020506
200,0.018904
200,0.021758
200,0.023030
200,0.021290
200,0.020977
200,0.016000
200,0.016353
200,0.018500
200,0.019912
200,0.018155
200,0.015959
200,0.015310
200,0.020869
200,0.016190
200,0.015803
200,0.015225
200,0.017971
200,0.016148
200,0.016367
200,0.016238
200,0.018468
200,0.022056
200,0.020093
200,0.017969
200,0.017723
200,0.020244
200,0.016179
200,0.017571
200,0.016647
200,0.022695
200,0.020787
200,0.026436
200,0.016550
200,0.016653
200,0.017906
200,0.021470
200,0.020961
200,0.016044
200,0.017302
200,0.020172
200,0.016781
200,0.017791
200,0.018212
200,0.022721
200,0.017623
200,0.022357
200,0.021447
200,0.022660
200,0.016933
200,0.020378
200,0.016466
200,0.019819
200,0.016393
200,0.022179
200,0.015797
200,0.016161
200,0.017464
200,0.019239
200,0.014642
200,0.021428
200,0.016149
200,0.019725
200,0.017223
200,0.022720
200,0.022918
200,0.022671
200,0.036729
200,0.015718
200,0.020964
200,0.020351
200,0.024030
200,0.020779
200,0.017231
200,0.017869
200,0.016284
200,0.023458
200,0.023407
200,0.023142
200,0.017849
200,0.017485
200,0.015246
200,0.015093
200,0.019375
200,0.016774
200,0.016899
200,0.016728
200,0.017681
200,0.020666
200,0.022342
200,0.016512
200,0.020520
200,0.017863
200,0.018362
200,0.022367
200,0.021632
200,0.020421
200,0.017918
200,0.016675
200,0.016718
200,0.016287
200,0.015902
200,0.016215
200,0.016707
200,0.016412
200,0.022675
200,0.016905
200,0.030883
200,0.028878
200,0.017050
200,0.016418
200,0.022849
200,0.015220
200,0.015942
200,0.020779
200,0.016027
200,0.018739
200,0.017221
200,0.015436
200,0.015871
200,0.019831
200,0.016758
200,0.021782
200,0.017371
200,0.016376
200,0.018577
200,0.016024
200,0.017847
200,0.017706
200,0.015939
200,0.017809
200,0.015876
200,0.020881
200,0.015668
200,0.018079
200,0.021383
200,0.021339
200,0.020614
200,0.018659
200,0.020663
200,0.020956
200,0.022927
200,0.015945
200,0.019689
200,0.020789
200,0.016878
200,0.018829
200,0.018994
200,0.020877
200,0.019429
200,0.020478
200,0.021804
200,0.019439
200,0.016737
200,0.017141
200,0.021235
200,0.016449
200,0.016493
200,0.015841
200,0.019989
200,0.016463
200,0.017846
200,0.019400
200,0.020361
200,0.022003
200,0.016573
200,0.017699
200,0.024752
200,0.017252
200,0.014990
200,0.031181
200,0.016350
200,0.020575
200,0.015626
200,0.023234
200,0.019274
200,0.016387
200,0.016616
200,0.021076
200,0.015722
200,0.021898
200,0.019080
200,0.022201
200,0.020491
200,0.019760
200,0.019281
200,0.019472
200,0.015576
200,0.019784
200,0.015909
200,0.015557
200,0.021432
200,0.019516
200,0.021479
200,0.017069
200,0.021975
200,0.017648
200,0.017116
200,0.017075
200,0.018731
200,0.017236
200,0.016367
200,0.015793
200,0.022122
200,0.023649
200,0.015909
200,0.020679
200,0.015565
200,0.017007
200,0.016243
200,0.016634
200,0.020396
200,0.015650
200,0.021269
200,0.016299
200,0.021184
200,0.023195
200,0.018116
200,0.023056
200,0.017337
200,0.019978
200,0.015505
200,0.016179
200,0.020169
200,0.021810
200,0.015845
200,0.019164
200,0.015071
200,0.016104
200,0.019732
200,0.018145
200,0.020696
200,0.025927
200,0.016950
200,0.015925
200,0.016918
200,0.019154
200,0.019390
200,0.016485
200,0.018546
200,0.015790
200,0.020329
200,0.025319
200,0.016035
200,0.014735
200,0.015845
200,0.015515
200,0.016799
200,0.023643
200,0.023346
200,0.019452
200,0.017113
200,0.019092
200,0.017653
200,0.020166
200,0.017482
200,0.017505
200,0.016003
200,0.021260
200,0.018375
200,0.020232
200,0.017086
200,0.020749
200,0.026071
200,0.021279
200,0.021888
200,0.022665
200,0.021974
200,0.025282
200,0.020608
200,0.022883
200,0.026232
200,0.018923
200,0.021934
200,0.019774
200,0.021843
200,0.021564
200,0.022664
200,0.016512
200,0.017626
200,0.017850
200,0.022430
200,0.016719
200,0.015762
200,0.016580
200,0.024730
200,0.017165
200,0.019695
200,0.016998
200,0.019912
200,0.019997
200,0.029658
200,0.021316
200,0.016074
200,0.022008
200,0.023538
200,0.020816
200,0.020391
200,0.018538
200,0.017829
200,0.016681
200,0.016870
200,0.016793
200,0.019328
200,0.017084
200,0.019089
200,0.016959
200,0.016187
200,0.016601
200,0.016827
200,0.017568
200,0.017298
200,0.017332
200,0.021976
200,0.017167
200,0.023587
200,0.022443
200,0.019556
200,0.015920
200,0.019892
200,0.017479
200,0.017964
200,0.016235
200,0.018642
200,0.016079
200,0.022098
200,0.016390
200,0.017027
200,0.018693
200,0.017110
200,0.023398
200,0.016022
200,0.016686
200,0.015840
200,0.020320
200,0.016711
200,0.021107
200,0.017309
200,0.016986
200,0.022128
200,0.023256
200,0.017300
200,0.016353
200,0.018457
200,0.017076
200,0.016464
200,0.015946
200,0.021484
200,0.016546
200,0.016754
200,0.016652
200,0.015842
200,0.016755
200,0.022641
200,0.017823
200,0.022920
200,0.016011
200,0.017564
200,0.016058
200,0.018350
200,0.017380
200,0.019283
200,0.017168
200,0.019139
200,0.018889
200,0.020712
200,0.017154
200,0.016819
200,0.017336
200,0.016415
200,0.017763
200,0.016622
200,0.016988
200,0.015698
200,0.016967
200,0.020504
200,0.015742
200,0.015160
200,0.017204
200,0.016239
200,0.014282
200,0.015339
200,0.019861
200,0.043400
200,0.013937
200,0.013233
200,0.013812
200,0.011940
200,0.020353
200,0.016499
200,0.020420
200,0.012922
200,0.017004
200,0.023044
200,0.016358
200,0.020207
200,0.021379
200,0.016841
200,0.018573
200,0.016547
200,0.019003
200,0.016230
200,0.021099
200,0.019312
200,0.020922
200,0.019986
200,0.021132
200,0.019682
200,0.018619
200,0.021563
200,0.017450
200,0.023783
200,0.025519
200,0.016539
200,0.016306
200,0.016969
200,0.023100
200,0.022129
200,0.016232
200,0.023434
200,0.022307
200,0.018700
200,0.020793
200,0.017903
200,0.017743
200,0.015714
200,0.017346
200,0.018298
200,0.015823
200,0.022334
200,0.018049
200,0.016358
200,0.019540
200,0.015748
200,0.017216
200,0.021211
200,0.021937
200,0.014913
200,0.020114
200,0.016044
200,0.015483
200,0.022350
200,0.016486
200,0.021322
200,0.016007
200,0.020932
200,0.015627
200,0.017290
200,0.022504
200,0.022426
200,0.016488
200,0.022271
200,0.021402
200,0.021309
200,0.023265
200,0.017522
200,0.022463
200,0.015609
200,0.020584
200,0.016225
200,0.020450
200,0.021181
200,0.021104
200,0.022143
200,0.015669
200,0.023659
200,0.016319
200,0.027948
200,0.015549
200,0.021911
200,0.016083
200,0.019088
200,0.023695
200,0.015189
200,0.015232
200,0.015703
200,0.019317
200,0.017364
200,0.021304
200,0.019889
200,0.020663
200,0.019724
200,0.023314
200,0.019010
200,0.015909
200,0.020669
200,0.020841
200,0.016579
200,0.022404
200,0.016805
200,0.025701
200,0.016664
200,0.019544
200,0.016875
200,0.016236
200,0.020305
200,0.016677
200,0.017839
200,0.016444
200,0.015885
200,0.020092
200,0.019206
200,0.023269
200,0.021015
200,0.017097
200,0.015626
200,0.019329
200,0.018521
200,0.020200
200,0.026843
200,0.016062
200,0.015587
200,0.016612
200,0.016787
200,0.017176
200,0.016148
200,0.017162
200,0.022421
200,0.019704
200,0.018110
200,0.019077
200,0.022273
200,0.024028
200,0.019739
200,0.025016
200,0.023261
200,0.051688
200,0.018013
200,0.016767
200,0.029522
200,0.026132
200,0.022600
200,0.016811
200,0.018242
200,0.015303
200,0.017279
200,0.016854
200,0.017165
200,0.028853
200,0.015667
200,0.018289
200,0.019468
200,0.016073
200,0.021362
200,0.019640
200,0.015792
200,0.016524
200,0.022219
200,0.016778
200,0.019111
200,0.015781
200,0.015399
200,0.018612
200,0.016316
200,0.021860
200,0.021074
200,0.020913
200,0.015668
200,0.017632
200,0.020293
200,0.022754
200,0.019073
200,0.015999
200,0.020842
200,0.014859
200,0.020554
200,0.021592
200,0.017033
200,0.025177
200,0.023498
200,0.018384
200,0.016471
200,0.017375
200,0.023953
200,0.016602
200,0.023371
200,0.019943
200,0.020334
200,0.017711
200,0.015305
200,0.015896
200,0.021305
200,0.021249
200,0.021344
200,0.017136
200,0.018958
200,0.019672
200,0.017521
200,0.017674
200,0.016671
200,0.029073
200,0.016675
200,0.016630
200,0.016342
200,0.017876
200,0.015861
200,0.020081
200,0.017527
200,0.016709
200,0.022798
200,0.017845
200,0.018252
200,0.015497
200,0.019577
200,0.015748
200,0.018593
200,0.015849
200,0.020827
200,0.016753
200,0.020731
200,0.016250
200,0.017095
200,0.019644
200,0.016032
200,0.015184
200,0.021429
200,0.021229
200,0.023949
200,0.019533
200,0.017748
200,0.016715
200,0.016383
200,0.017270
200,0.017358
200,0.016574
200,0.015586
200,0.015294
200,0.017684
200,0.021954
200,0.016350
200,0.022480
200,0.016128
200,0.015731
200,0.015974
200,0.019758
200,0.016495
200,0.016726
200,0.021351
200,0.020833
200,0.016757
200,0.016189
200,0.018509
200,0.015251
200,0.020287
200,0.017060
200,0.016078
200,0.020050
200,0.019311
200,0.015835
200,0.020843
200,0.021235
200,0.022031
200,0.015694
200,0.022993
200,0.019876
200,0.017099
200,0.024095
200,0.023171
200,0.021623
200,0.017740
200,0.016039
200,0.015887
200,0.016168
200,0.020173
200,0.019421
200,0.018896
200,0.022469
200,0.018708
200,0.016572
200,0.018022
200,0.017026
200,0.015637
200,0.015262
200,0.020094
200,0.019296
200,0.018566
200,0.016617
200,0.015663
200,0.016142
200,0.017550
200,0.020354
200,0.019611
200,0.017104
200,0.015351
200,0.032864
200,0.022030
200,0.023078
200,0.022122
200,0.016931
200,0.022076
200,0.015940
200,0.023148
200,0.016275
200,0.016159
200,0.017261
200,0.015134
200,0.015854
200,0.018349
200,0.022038
200,0.016279
200,0.026394
200,0.022292
200,0.015710
200,0.016389
200,0.020700
200,0.015908
200,0.018156
200,0.016989
200,0.020654
200,0.022472
200,0.015785
200,0.019606
200,0.019393
200,0.016597
200,0.019689
200,0.017055
200,0.016564
200,0.023083
200,0.015816
200,0.020318
200,0.022772
200,0.020098
200,0.021199
200,0.015815
200,0.018360
200,0.019368
200,0.019509
200,0.019740
200,0.016486
200,0.020564
200,0.016404
200,0.022339
200,0.015159
200,0.021917
200,0.018412
200,0.017784
200,0.016296
200,0.017768
200,0.025766
200,0.016630
200,0.017453
200,0.018750
200,0.017181
200,0.018581
200,0.017416
200,0.017194
200,0.015622
200,0.015910
200,0.015698
200,0.019289
200,0.017932
200,0.019241
200,0.017649
200,0.015748
200,0.024533
200,0.023097
200,0.020870
200,0.015708
200,0.016193
200,0.015376
200,0.016910
200,0.016819
200,0.020819
200,0.018945
200,0.020951
200,0.020932
200,0.020493
200,0.021276
200,0.016508
200,0.020988
200,0.022910
200,0.018070
200,0.023869
200,0.019915
200,0.019647
200,0.017079
200,0.017102
200,0.022992
200,0.016354
200,0.017506
200,0.019852
200,0.021034
200,0.015717
200,0.024093
200,0.015829
200,0.021791
200,0.017104
200,0.016695
200,0.015544
200,0.017325
200,0.016870
200,0.018704
200,0.020428
200,0.017411
200,0.022667
200,0.015958
200,0.020227
200,0.018571
200,0.018700
200,0.020862
200,0.021209
200,0.023743
200,0.023267
200,0.023928
200,0.020921
200,0.019719
200,0.017423
200,0.022915
200,0.022274
200,0.020338
200,0.021792
200,0.017945
200,0.016883
200,0.017831
200,0.021887
200,0.016344
200,0.019352
200,0.020805
200,0.020989
200,0.024670
200,0.019990
200,0.019208
200,0.017288
200,0.023731
200,0.019982
200,0.017286
200,0.022369
200,0.019804
200,0.016924
200,0.016087
200,0.015278
200,0.016271
200,0.019299
200,0.019633
200,0.019140
200,0.015590
200,0.015997
200,0.021257
200,0.016573
200,0.015875
200,0.021990
200,0.020934
200,0.026141
200,0.016913
200,0.019776
200,0.017565
200,0.019881
200,0.021336
200,0.028742
200,0.019096
200,0.017328
200,0.016581
200,0.016067
200,0.016975
200,0.021409
200,0.017171
200,0.019654
200,0.016362
200,0.017236
200,0.018226
200,0.015392
200,0.019780
200,0.015461
200,0.017071
200,0.016057
200,0.020437
200,0.022280
200,0.024927
200,0.019033
200,0.021789
200,0.020004
200,0.020927
200,0.021932
200,0.019155
200,0.019912
200,0.020858
200,0.018281
200,0.018057
200,0.017324
200,0.019911
200,0.017698
200,0.017267
200,0.016396
200,0.019541
200,0.019976
200,0.020985
200,0.022374
200,0.027598
200,0.020942
200,0.019411
200,0.019493
200,0.021581
200,0.022997
200,0.016951
200,0.024726
200,0.019373
200,0.018528
200,0.019765
200,0.021571
200,0.023133
200,0.023721
200,0.017062
200,0.018069
200,0.017355
200,0.020267
200,0.020818
200,0.019770
200,0.016406
200,0.018384
200,0.018353
200,0.021129
200,0.021619
200,0.022339
200,0.015530
200,0.020687
200,0.021172
200,0.015566
200,0.016118
200,0.021460
200,0.018414
200,0.015147
200,0.015564
200,0.023272
200,0.021266
200,0.021993
200,0.016520
200,0.021926
200,0.020424
200,0.021070
200,0.018319
200,0.022724
200,0.015553
200,0.019773
200,0.015885
200,0.016193
200,0.016834
200,0.015201
200,0.022850
200,0.019456
200,0.022412
200,0.019315
200,0.022104
200,0.016821
200,0.016972
200,0.019457
200,0.022525
200,0.021412
200,0.022744
200,0.021783
200,0.021455
200,0.018406
200,0.019896
200,0.019389
200,0.017737
200,0.018040
200,0.016776
200,0.017406
200,0.017159
200,0.019542
200,0.015755
200,0.015724
200,0.015638
200,0.018496
200,0.015264
200,0.017530
200,0.015892
200,0.016036
200,0.021282
200,0.016031
200,0.017555
200,0.016710
200,0.016639
200,0.016722
200,0.016736
200,0.016614
200,0.016518
200,0.022473
200,0.015564
200,0.015398
200,0.016835
200,0.022475
200,0.018679
200,0.016134
200,0.015872
200,0.023539
200,0.021753
200,0.021208
200,0.016754
200,0.016332
200,0.016171
200,0.019644
200,0.016661
200,0.016361
200,0.016666
200,0.017134
200,0.020259
200,0.018587
200,0.016374
200,0.018559
200,0.027577
200,0.022151
200,0.018966
200,0.019565
200,0.018683
200,0.015757
200,0.015912
200,0.017385
200,0.022045
200,0.016144
200,0.019643
200,0.015621
200,0.017116
200,0.014882
200,0.015568
200,0.016440
200,0.021852
200,0.021962
200,0.018681
200,0.018886
200,0.020520
200,0.017627
200,0.019317
200,0.016437
200,0.023880
200,0.017347
200,0.016581
200,0.016362
200,0.017744
200,0.015861
200,0.016349
200,0.022646
200,0.017292
200,0.020766
200,0.019451
200,0.021566
200,0.017932
200,0.024833
200,0.021569
200,0.030308
200,0.015338
200,0.015493
200,0.017332
200,0.015403
200,0.017686
200,0.017800
200,0.018126
200,0.016480
200,0.016345
200,0.015826
200,0.016350
200,0.019776
200,0.020347
200,0.021275
200,0.023684
200,0.018018
200,0.020596
200,0.021543
200,0.018173
200,0.016108
200,0.022185
200,0.022638
200,0.018735
200,0.015066
200,0.019239
200,0.018690
200,0.018952
200,0.016308
200,0.019876
200,0.016524
200,0.015827
200,0.016758
200,0.017776
200,0.015453
200,0.017164
200,0.021419
200,0.015277
200,0.022659
200,0.015659
200,0.015212
200,0.020196
200,0.016664
200,0.019167
200,0.015677
200,0.016345
200,0.016582
200,0.015826
200,0.023617
200,0.019767
200,0.021268
200,0.016515
200,0.015197
200,0.027283
200,0.018742
200,0.017584
200,0.022607
200,0.016557
200,0.017786
200,0.015978
200,0.015920
200,0.014799
200,0.020552
200,0.018170
200,0.041886
200,0.014668
200,0.016409
200,0.015713
200,0.015817
200,0.017630
200,0.015005
200,0.022144
200,0.016997
200,0.015905
200,0.019799
200,0.031843
200,0.015009
200,0.016274
200,0.014188
200,0.013880
200,0.013903
200,0.013385
200,0.013301
200,0.015245
200,0.014965
200,0.013956
200,0.014063
200,0.013624
200,0.014431
200,0.014692
200,0.012643
200,0.012867
200,0.030486
200,0.015200
200,0.014052
200,0.015523
200,0.013585
200,0.013753
200,0.012148
200,0.015138
200,0.013308
200,0.013681
200,0.013686
200,0.016643
200,0.013039
200,0.013961
200,0.013217
200,0.014466
200,0.020098
200,0.021930
200,0.020644
200,0.012679
200,0.019493
200,0.016903
200,0.013602
200,0.012600
200,0.014713
200,0.018642
200,0.017292
200,0.017289
200,0.017968
200,0.015583
200,0.016979
200,0.016485
200,0.016678
200,0.019707
200,0.021384
200,0.021594
200,0.049185
200,0.016133
200,0.016831
200,0.018643
200,0.017897
200,0.015810
200,0.019253
200,0.016287
200,0.016051
200,0.020007
200,0.016007
200,0.025446
200,0.018654
200,0.023816
200,0.017827
200,0.016170
200,0.019777
200,0.019611
200,0.015518
200,0.016826
200,0.016670
200,0.022904
200,0.016417
200,0.015931
200,0.016129
200,0.017010
200,0.018042
200,0.015945
200,0.015431
200,0.015338
200,0.014695
200,0.015937
200,0.015413
200,0.014706
200,0.020772
200,0.015002
200,0.018828
200,0.016972
200,0.015723
200,0.018399
200,0.017006
200,0.017689
200,0.016745
200,0.015546
200,0.018253
200,0.016280
200,0.017160
200,0.018504
200,0.019211
200,0.016155
200,0.018593
200,0.017002
200,0.015588
200,0.019305
200,0.015881
200,0.014079
200,0.020726
200,0.016421
200,0.018439
200,0.012790
200,0.013763
200,0.020992
200,0.013363
200,0.017955
200,0.012455
200,0.018431
200,0.015665
200,0.013619
200,0.021191
200,0.023025
200,0.021199
200,0.017539
200,0.022930
200,0.016316
200,0.017149
200,0.019701
200,0.020149
200,0.015510
200,0.020581
200,0.024282
200,0.019119
200,0.020289
200,0.018009
200,0.020715
200,0.019077
200,0.026551
200,0.022125
200,0.022341
200,0.022748
200,0.015514
200,0.015515
200,0.018904
200,0.017229
200,0.017123
200,0.023360
200,0.017715
200,0.020966
200,0.015992
200,0.020367
200,0.015764
200,0.019909
200,0.022794
200,0.019797
200,0.015709
200,0.023477
200,0.015212
200,0.019169
200,0.015795
200,0.022709
200,0.016695
200,0.017220
200,0.016243
200,0.019307
200,0.021498
200,0.018655
200,0.021510
200,0.021313
200,0.016987
200,0.016049
200,0.020202
200,0.018501
200,0.015757
200,0.018292
200,0.020567
200,0.018931
200,0.016613
200,0.016318
200,0.016725
200,0.016307
200,0.019726
200,0.018361
200,0.016457
200,0.017839
200,0.015462
200,0.016610
200,0.020062
200,0.016767
200,0.022162
200,0.015922
200,0.017697
200,0.021248
200,0.023696
200,0.016420
200,0.015386
200,0.018413
200,0.014434
200,0.016652
200,0.021157
200,0.019463
200,0.017540
200,0.016221
200,0.016402
200,0.019976
200,0.015392
200,0.019674
200,0.020117
200,0.019485
200,0.022344
200,0.020131
200,0.020870
200,0.019468
200,0.015525
200,0.015321
200,0.020118
200,0.018713
200,0.014797
200,0.019015
200,0.022638
200,0.021570
200,0.018778
200,0.020460
200,0.020740
200,0.020651
200,0.016947
200,0.016247
200,0.021348
200,0.022420
200,0.016188
200,0.020483
200,0.020214
200,0.016737
200,0.020920
200,0.024828
200,0.020815
200,0.016315
200,0.017549
200,0.016503
200,0.021932
200,0.016296
200,0.015575
200,0.022753
200,0.020488
200,0.020714
200,0.018353
200,0.019400
200,0.020072
200,0.015726
200,0.024421
200,0.021191
200,0.021238
200,0.016675
200,0.021709
200,0.017456
200,0.015950
200,0.017438
200,0.016496
200,0.015973
200,0.017613
200,0.020616
200,0.018861
200,0.023275
200,0.016472
200,0.016211
200,0.016866
200,0.016892
200,0.016132
200,0.015923
200,0.016012
200,0.020292
200,0.019236
200,0.016563
200,0.015781
200,0.016399
200,0.015926
200,0.018339
200,0.016266
200,0.017826
200,0.020207
200,0.022285
200,0.020194
200,0.023144
200,0.017965
200,0.023929
200,0.017163
200,0.017428
200,0.020108
200,0.020747
200,0.017965
200,0.021069
200,0.020768
200,0.020432
200,0.022556
200,0.015532
200,0.021110
200,0.016243
200,0.015932
200,0.021757
200,0.018627
200,0.022275
200,0.021084
200,0.020565
200,0.021493
200,0.015695
200,0.019094
200,0.022381
200,0.016209
200,0.016717
200,0.022608
200,0.017649
200,0.015875
200,0.016542
200,0.020064
200,0.015943
200,0.021385
200,0.014898
200,0.021776
200,0.022288
200,0.021029
200,0.019603
200,0.015960
200,0.016170
200,0.017227
200,0.023800
200,0.018260
200,0.016494
200,0.019706
200,0.021528
200,0.022561
200,0.022305
200,0.021224
200,0.020204
200,0.016161
200,0.016710
200,0.017181
200,0.022432
200,0.016840
200,0.016869
200,0.016055
200,0.016268
200,0.021408
200,0.017731
200,0.018383
200,0.021633
200,0.016058
200,0.016372
200,0.015601
200,0.019245
200,0.018405
200,0.015631
200,0.016433
200,0.016849
200,0.021441
200,0.017502
200,0.016498
200,0.019954
200,0.016453
200,0.020943
200,0.016204
200,0.017806
200,0.016795
200,0.017097
200,0.017699
200,0.017570
200,0.015708
200,0.019287
200,0.015617
200,0.019901
200,0.020408
200,0.018511
200,0.019240
200,0.017314
200,0.019716
200,0.021342
200,0.021976
200,0.022669
200,0.016015
200,0.021838
200,0.020443
200,0.019488
200,0.021660
200,0.017432
200,0.029165
200,0.020223
200,0.017134
200,0.017367
200,0.020820
200,0.019014
200,0.016410
200,0.016629
200,0.018342
200,0.015252
200,0.015650
200,0.020024
200,0.020789
200,0.020468
200,0.021866
200,0.017714
200,0.020196
200,0.018557
200,0.018701
200,0.017125
200,0.017079
200,0.017604
200,0.015869
200,0.023171
200,0.018617
200,0.018621
200,0.016375
200,0.018734
200,0.018211
200,0.020367
200,0.025614
200,0.016387
200,0.016540
200,0.015236
200,0.018415
200,0.020794
200,0.021525
200,0.020832
200,0.016201
200,0.015551
200,0.019054
200,0.018480
200,0.020150
200,0.017377
200,0.016501
200,0.020836
200,0.018373
200,0.016398
200,0.016121
200,0.016307
200,0.019134
200,0.019407
200,0.021951
200,0.043281
200,0.015598
200,0.014900
200,0.016544
200,0.015924
200,0.022640
200,0.020374
200,0.018074
200,0.021160
200,0.016947
200,0.018448
200,0.019790
200,0.018830
200,0.019051
200,0.016847
200,0.019742
200,0.016535
200,0.017444
200,0.022102
200,0.021616
200,0.015837
200,0.015166
200,0.018972
200,0.020901
200,0.017737
200,0.018734
200,0.016867
200,0.022506
200,0.019862
200,0.015953
200,0.019123
200,0.017088
200,0.018332
200,0.023358
200,0.016652
200,0.021047
200,0.016587
200,0.021242
200,0.019010
200,0.022521
200,0.020461
200,0.018111
200,0.015008
200,0.018085
200,0.021791
200,0.015321
200,0.020561
200,0.019728
200,0.016642
200,0.014712
200,0.021587
200,0.021961
200,0.023711
200,0.021193
200,0.016486
200,0.022274
200,0.016130
200,0.017067
200,0.015238
200,0.016563
200,0.015740
200,0.016792
200,0.023381
200,0.016464
200,0.016345
200,0.016270
200,0.016332
200,0.016179
200,0.015691
200,0.019607
200,0.016164
200,0.023077
200,0.016559
200,0.019008
200,0.016905
200,0.017299
200,0.020422
200,0.017739
200,0.021924
200,0.020206
200,0.016457
200,0.021578
200,0.017596
200,0.016049
200,0.021255
200,0.021598
200,0.023504
200,0.018303
200,0.019699
200,0.015150
200,0.015614
200,0.017822
200,0.016705
200,0.019930
200,0.017688
200,0.021494
200,0.016291
200,0.018269
200,0.018146
200,0.015912
200,0.021813
200,0.021678
200,0.022230
200,0.018818
200,0.018985
200,0.019499
200,0.015017
200,0.018079
200,0.018868
200,0.023196
200,0.016538
200,0.017259
200,0.022116
200,0.016443
200,0.022314
200,0.019339
200,0.020602
200,0.016447
200,0.016526
200,0.016396
200,0.021717
200,0.016327
200,0.016637
200,0.021560
200,0.022633
200,0.016171
200,0.017199
200,0.021834
200,0.019581
200,0.019894
200,0.021705
200,0.016146
200,0.015998
200,0.019365
200,0.023178
200,0.020480
200,0.024444
200,0.016638
200,0.021560
200,0.016060
200,0.021783
200,0.016413
200,0.018419
200,0.023246
200,0.016251
200,0.017613
200,0.015216
200,0.015553
200,0.015478
200,0.015884
200,0.022305
200,0.024093
200,0.016387
200,0.020242
200,0.016389
200,0.020629
200,0.019155
200,0.021932
200,0.015625
200,0.016819
200,0.020137
200,0.016707
200,0.017151
200,0.022137
200,0.021275
200,0.020978
200,0.017130
200,0.025107
200,0.019151
200,0.017867
200,0.022998
200,0.022854
200,0.021205
200,0.021000
200,0.022981
200,0.019286
200,0.017258
200,0.016969
200,0.021446
200,0.022368
200,0.022186
200,0.017907
200,0.017868
200,0.017959
200,0.020309
200,0.015734
200,0.015772
200,0.021596
200,0.023203
200,0.019289
200,0.026399
200,0.019914
200,0.018289
200,0.015849
200,0.019529
200,0.020686
200,0.017171
200,0.016962
200,0.017343
200,0.018691
200,0.017275
200,0.018371
200,0.017138
200,0.022277
200,0.021260
200,0.017395
200,0.019428
200,0.016545
200,0.018058
200,0.015145
200,0.018042
200,0.020449
200,0.021104
200,0.021565
200,0.018588
200,0.019791
200,0.019922
200,0.018038
200,0.017354
200,0.021710
200,0.021481
200,0.025457
200,0.016568
200,0.017380
200,0.021201
200,0.016239
200,0.016315
200,0.021142
200,0.016447
200,0.021461
200,0.018884
200,0.018251
200,0.015644
200,0.027057
200,0.021183
200,0.021906
200,0.016553
200,0.022319
200,0.023465
200,0.023094
200,0.018733
200,0.024054
200,0.015528
200,0.019790
200,0.015024
200,0.019446
200,0.021560
200,0.018690
200,0.021578
200,0.015539
200,0.019918
200,0.022917
200,0.015893
200,0.019338
200,0.022126
200,0.016505
200,0.020073
200,0.023108
200,0.015687
200,0.022520
200,0.020397
200,0.018177
200,0.020654
200,0.020079
200,0.016430
200,0.015397
200,0.023802
200,0.017073
200,0.017295
200,0.018925
200,0.016476
200,0.018447
200,0.018330
200,0.020439
200,0.020815
200,0.016460
200,0.024392
200,0.020534
200,0.021958
200,0.020441
200,0.016002
200,0.020671
200,0.016048
200,0.020556
200,0.015971
200,0.018809
200,0.020910
200,0.017132
200,0.017016
200,0.016615
200,0.017466
200,0.015886
200,0.016856
200,0.020547
200,0.022126
200,0.022858
200,0.018646
200,0.016530
200,0.023975
200,0.016063
200,0.021553
200,0.017120
200,0.022641
200,0.023027
200,0.021769
200,0.024128
200,0.017089
200,0.020471
200,0.016926
200,0.016967
200,0.018629
200,0.026866
200,0.020216
200,0.023281
200,0.022810
200,0.015510
200,0.017723
200,0.026093
200,0.023512
200,0.022555
200,0.022710
200,0.021551
200,0.021033
200,0.015528
200,0.021685
200,0.018933
200,0.016650
200,0.019038
200,0.020087
200,0.016218
200,0.017609
200,0.023116
200,0.017127
200,0.015786
200,0.017963
200,0.016313
200,0.022200
200,0.016311
200,0.021814
200,0.021996
200,0.020961
200,0.020657
200,0.016199
200,0.022500
200,0.019845
200,0.023129
200,0.032960
200,0.019003
200,0.018062
200,0.016221
200,0.021068
200,0.022949
200,0.017947
200,0.015741
200,0.022282
200,0.020624
200,0.017516
200,0.022342
200,0.016430
200,0.020232
200,0.020831
200,0.020190
200,0.015885
200,0.020223
200,0.021869
200,0.016700
200,0.021545
200,0.016480
200,0.019130
200,0.021617
200,0.017592
200,0.017222
200,0.015629
200,0.017252
200,0.016623
200,0.018043
200,0.017796
200,0.016647
200,0.019082
200,0.019266
200,0.017897
200,0.017937
200,0.022554
200,0.016684
200,0.016234
200,0.017389
200,0.015822
200,0.016009
200,0.019305
200,0.016327
200,0.017870
200,0.015872
200,0.015534
200,0.016103
200,0.016407
200,0.015728
200,0.014305
200,0.018934
200,0.014363
200,0.012346
200,0.018711
200,0.013529
200,0.013782
200,0.020523
200,0.014986
200,0.014260
200,0.014471
200,0.026205
200,0.013729
200,0.013228
200,0.017518
200,0.013776
200,0.014109
200,0.013044
200,0.018710
200,0.014671
200,0.014858
200,0.022821
200,0.017860
200,0.020866
200,0.020574
200,0.015316
200,0.015342
200,0.017274
200,0.019292
200,0.019930
200,0.017039
200,0.016486
200,0.020541
200,0.015925
200,0.017428
200,0.015599
200,0.019645
200,0.018327
200,0.016585
200,0.020678
200,0.017085
200,0.015661
200,0.016492
200,0.023347
200,0.023614
200,0.018641
200,0.018009
200,0.020054
200,0.015897
200,0.022052
200,0.014922
200,0.023404
200,0.022117
200,0.015571
200,0.021124
200,0.022039
200,0.022241
200,0.016513
200,0.018927
200,0.021444
200,0.015121
200,0.020133
200,0.020999
200,0.017278
200,0.017401
200,0.020655
200,0.024530
200,0.015689
200,0.018297
200,0.020318
200,0.016276
200,0.016947
200,0.019753
200,0.021413
200,0.023190
200,0.019849
200,0.016876
200,0.018863
200,0.019141
200,0.016277
200,0.018674
200,0.020773
200,0.020952
200,0.023311
200,0.022432
200,0.017004
200,0.021331
200,0.019883
200,0.018755
200,0.019368
200,0.022407
200,0.018869
200,0.016527
200,0.016624
200,0.016149
200,0.016982
200,0.017060
200,0.019268
200,0.015874
200,0.020197
200,0.023260
200,0.021768
200,0.020073
200,0.026042
200,0.017818
200,0.025176
200,0.017237
200,0.016570
200,0.017159
200,0.016047
200,0.022447
200,0.019334
200,0.017740
200,0.019160
200,0.017937
200,0.017954
200,0.019719
200,0.016857
200,0.019718
200,0.019449
200,0.018198
200,0.018742
200,0.016007
200,0.018462
200,0.021306
200,0.017114
200,0.015926
200,0.022393
200,0.021928
200,0.016372
200,0.020592
200,0.018012
200,0.020669
200,0.015674
200,0.022713
200,0.016252
200,0.016222
200,0.021573
200,0.021424
200,0.016831
200,0.020635
200,0.023217
200,0.014750
200,0.018605
200,0.014531
200,0.021497
200,0.016596
200,0.022332
200,0.015828
200,0.017712
200,0.020489
200,0.019071
200,0.021978
200,0.020899
200,0.016917
200,0.021816
200,0.019928
200,0.015379
200,0.018147
200,0.017644
200,0.020210
200,0.019739
200,0.019789
200,0.015820
200,0.028056
200,0.018682
200,0.017016
200,0.016846
200,0.023942
200,0.016052
200,0.016803
200,0.022932
200,0.023692
200,0.016221
200,0.016569
200,0.018834
200,0.018787
200,0.016117
200,0.015530
200,0.020933
200,0.023285
200,0.017201
200,0.017775
200,0.017175
200,0.016915
200,0.019198
200,0.015599
200,0.022493
200,0.015993
200,0.018930
200,0.016939
200,0.021638
200,0.016228
200,0.017525
200,0.016952
200,0.016441
200,0.015460
200,0.020386
200,0.022591
200,0.016851
200,0.020543
200,0.024077
200,0.028703
200,0.024680
200,0.022432
200,0.017413
200,0.016291
200,0.022198
200,0.023938
200,0.019221
200,0.019560
200,0.020053
200,0.016077
200,0.017116
200,0.018358
200,0.016030
200,0.014713
200,0.018547
200,0.016607
200,0.021598
200,0.017541
200,0.022333
200,0.021292
200,0.019170
200,0.016803
200,0.023263
200,0.019364
200,0.020636
200,0.021848
200,0.020172
200,0.015766
200,0.017273
200,0.018358
200,0.019984
200,0.020465
200,0.019362
200,0.022953
200,0.020071
200,0.023244
200,0.017833
200,0.020604
200,0.015841
200,0.016339
200,0.017959
200,0.022275
200,0.017433
200,0.020120
200,0.022861
200,0.019932
200,0.015955
200,0.022654
200,0.020424
200,0.017592
200,0.019803
200,0.021419
200,0.018248
200,0.020361
200,0.015468
200,0.022673
200,0.020343
200,0.017818
200,0.022731
200,0.022371
200,0.021113
200,0.023845
200,0.023129
200,0.016932
200,0.019271
200,0.021135
200,0.016405
200,0.016807
200,0.016997
200,0.015280
200,0.015508
200,0.020078
200,0.015934
200,0.023500
200,0.016738
200,0.022341
200,0.018023
200,0.016506
200,0.018833
200,0.033453
200,0.022332
200,0.021594
200,0.022214
200,0.019061
200,0.020387
200,0.019536
200,0.019580
200,0.020975
200,0.016271
200,0.015211
200,0.017334
200,0.020048
200,0.019819
200,0.021242
200,0.017953
200,0.018611
200,0.022029
200,0.020751
200,0.019445
200,0.015186
200,0.021037
200,0.019258
200,0.018391
200,0.015583
200,0.015519
200,0.017839
200,0.020528
200,0.018896
200,0.018448
200,0.016959
200,0.019477
200,0.017005
200,0.016723
200,0.017095
200,0.016333
200,0.022719
200,0.020312
200,0.018771
200,0.021252
200,0.021301
200,0.018744
200,0.016209
200,0.017960
200,0.017083
200,0.019310
200,0.016958
200,0.016700
200,0.041486
200,0.032830
200,0.022777
200,0.014869
200,0.016160
200,0.015538
200,0.015270
200,0.015951
200,0.031525
200,0.015851
200,0.031617
200,0.013547
200,0.013690
200,0.012961
200,0.013765
200,0.012419
200,0.012685
200,0.014052
200,0.013639
200,0.013401
200,0.014577
200,0.012869
200,0.013060
200,0.013751
200,0.012320
200,0.012573
200,0.013194
200,0.013525
200,0.013156
200,0.013710
200,0.012880
200,0.013608
200,0.013684
200,0.012854
200,0.012353
200,0.013029
200,0.014239
200,0.013180
200,0.012494
200,0.014493
200,0.013238
200,0.012760
200,0.013612
200,0.015559
200,0.014670
200,0.013444
200,0.013370
200,0.012957
200,0.013455
200,0.018255
200,0.014374
200,0.014323
200,0.013465
200,0.022784
200,0.013953
200,0.013899
200,0.014077
200,0.014105
200,0.015577
200,0.016886
200,0.014460
200,0.021570
200,0.027569
200,0.019321
200,0.016682
200,0.024791
200,0.015156
200,0.015768
200,0.016223
200,0.015067
200,0.016334
200,0.021324
200,0.014887
200,0.032193
200,0.016566
200,0.018867
200,0.015555
200,0.014178
200,0.031363
200,0.014294
200,0.014986
200,0.014210
200,0.012894
200,0.015427
200,0.013435
200,0.014499
200,0.014082
200,0.013895
200,0.014601
200,0.013818
200,0.013473
200,0.018241
200,0.015869
200,0.017009
200,0.013281
200,0.013122
200,0.020642
200,0.019139
200,0.018152
200,0.013825
200,0.019197
200,0.013557
200,0.017824
200,0.015475
200,0.021113
200,0.014271
200,0.015265
200,0.017035
200,0.016502
200,0.021170
200,0.022892
200,0.024485
200,0.021707
200,0.026840
200,0.020056
200,0.022055
200,0.015638
200,0.020625
200,0.018614
200,0.021004
200,0.016305
200,0.022028
200,0.025147
200,0.017988
200,0.020104
200,0.016175
200,0.021022
200,0.020742
200,0.018327
200,0.018636
200,0.020843
200,0.016738
200,0.017409
200,0.017596
200,0.016174
200,0.019978
200,0.014890
200,0.021462
200,0.016416
200,0.019346
200,0.021604
200,0.017493
200,0.021879
200,0.016526
200,0.016759
200,0.019082
200,0.019303
200,0.021530
200,0.020316
200,0.020451
200,0.022998
200,0.016166
200,0.016744
200,0.022387
200,0.021027
200,0.020075
200,0.019803
200,0.015929
200,0.021702
200,0.016810
200,0.020791
200,0.016784
200,0.015223
200,0.022590
200,0.022650
200,0.020884
200,0.022985
200,0.018117
200,0.019357
200,0.025511
200,0.017993
200,0.017418
200,0.021835
200,0.016429
200,0.017061
200,0.017585
200,0.022559
200,0.022545
200,0.015464
200,0.022294
200,0.021358
200,0.019753
200,0.017106
200,0.016532
200,0.016640
200,0.020480
200,0.016926
200,0.015135
200,0.016679
200,0.016520
200,0.022629
200,0.016710
200,0.017292
200,0.015705
200,0.019577
200,0.018949
200,0.016188
200,0.019822
200,0.021711
200,0.017195
200,0.021942
200,0.017414
200,0.019017
200,0.020343
200,0.016308
200,0.016625
200,0.019426
200,0.021158
200,0.021063
200,0.022833
200,0.016793
200,0.016636
200,0.017113
200,0.017074
200,0.016314
200,0.015690
200,0.014569
200,0.017479
200,0.020357
200,0.015962
200,0.023150
200,0.015348
200,0.022461
200,0.015615
200,0.015915
200,0.019468
200,0.015952
200,0.021526
200,0.016198
200,0.015554
200,0.020535
200,0.020542
200,0.017381
200,0.022819
200,0.023138
200,0.019623
200,0.028435
200,0.021396
200,0.015743
200,0.021763
200,0.022546
200,0.017634
200,0.022208
200,0.021088
200,0.018617
200,0.020927
200,0.019293
200,0.017411
200,0.024581
200,0.019538
200,0.026690
200,0.019147
200,0.015536
200,0.015536
200,0.015013
200,0.019599
200,0.015842
200,0.020897
200,0.018100
200,0.016871
200,0.025309
200,0.016680
200,0.016520
200,0.027150
200,0.015709
200,0.020732
200,0.024915
200,0.022863
200,0.018208
200,0.021498
200,0.016817
200,0.028644
200,0.019910
200,0.022104
200,0.020346
200,0.017901
200,0.016986
200,0.015669
200,0.020856
200,0.020739
200,0.023225
200,0.026319
200,0.021501
200,0.015405
200,0.023449
200,0.021307
200,0.021476
200,0.023003
200,0.023346
200,0.022231
200,0.017838
200,0.022427
200,0.018564
200,0.015747
200,0.021985
200,0.022472
200,0.016834
200,0.016449
200,0.024221
200,0.017515
200,0.020962
200,0.019154
200,0.020955
200,0.017203
200,0.023727
200,0.017580
200,0.018154
200,0.020313
200,0.022164
200,0.019577
200,0.020638
200,0.016958
200,0.019745
200,0.022050
200,0.016745
200,0.016222
200,0.021372
200,0.020240
200,0.021279
200,0.020233
200,0.021005
200,0.016994
200,0.018634
200,0.018398
200,0.016764
200,0.016446
200,0.017004
200,0.016292
200,0.017253
200,0.016802
200,0.018656
200,0.015879
200,0.018908
200,0.017979
200,0.018645
200,0.017367
200,0.017583
200,0.016349
200,0.016843
200,0.016304
200,0.016028
200,0.015908
200,0.018361
200,0.017917
200,0.015427
200,0.017293
200,0.016498
200,0.016454
200,0.014957
200,0.014734
200,0.012935
200,0.016153
200,0.013419
200,0.019849
200,0.016407
200,0.021769
200,0.015025
200,0.015509
200,0.017236
200,0.017914
200,0.024074
200,0.016475
200,0.019839
200,0.017606
200,0.017189
200,0.021692
200,0.019985
200,0.016553
200,0.016011
200,0.016040
200,0.015444
200,0.016609
200,0.020546
200,0.018794
200,0.015820
200,0.023055
200,0.017988
200,0.018527
200,0.021944
200,0.020961
200,0.017653
200,0.017882
200,0.016291
200,0.018165
200,0.016645
200,0.021771
200,0.021120
200,0.016396
200,0.021721
200,0.021854
200,0.018884
200,0.020500
200,0.015925
200,0.018043
200,0.017279
200,0.024237
200,0.021722
200,0.015744
200,0.021150
200,0.022070
200,0.020642
200,0.024172
200,0.020678
200,0.022544
200,0.016580
200,0.022033
200,0.015652
200,0.017251
200,0.017643
200,0.018742
200,0.021553
200,0.016510
200,0.021370
200,0.015884
200,0.018676
200,0.016386
200,0.016731
200,0.021054
200,0.019216
200,0.017692
200,0.016384
200,0.017170
200,0.019918
200,0.020415
200,0.021006
200,0.018058
200,0.018831
200,0.016177
200,0.016324
200,0.017543
200,0.018559
200,0.015621
200,0.020209
200,0.016160
200,0.015885
200,0.020190
200,0.022008
200,0.017336
200,0.025300
200,0.017606
200,0.016591
200,0.017885
200,0.016315
200,0.017632
200,0.021870
200,0.016187
200,0.021609
200,0.018209
200,0.019543
200,0.016888
200,0.016393
200,0.018990
200,0.017564
200,0.020465
200,0.017817
200,0.015936
200,0.015426
200,0.020004
200,0.017035
200,0.017905
200,0.021878
200,0.016991
200,0.017457
200,0.016185
200,0.016393
200,0.024338
200,0.018624
200,0.018182
200,0.022783
200,0.017818
200,0.021700
200,0.016378
200,0.017070
200,0.018368
200,0.018804
200,0.019670
200,0.016013
200,0.017401
200,0.015929
200,0.017660
200,0.018599
200,0.025125
200,0.016294
200,0.014826
200,0.018904
200,0.023613
200,0.018988
200,0.018579
200,0.020531
200,0.020058
200,0.019432
200,0.020731
200,0.023496
200,0.019074
200,0.022609
200,0.019782
200,0.022729
200,0.020794
200,0.021805
200,0.019413
200,0.018449
200,0.016681
200,0.016070
200,0.023123
200,0.017751
200,0.020775
200,0.018628
200,0.025580
200,0.020966
200,0.021685
200,0.018151
200,0.021044
200,0.021063
200,0.017543
200,0.015801
200,0.020128
200,0.017533
200,0.017187
200,0.024738
200,0.020976
200,0.016970
200,0.017267
200,0.020661
200,0.021674
200,0.018495
200,0.020876
200,0.016857
200,0.019534
200,0.016700
200,0.017672
200,0.023934
200,0.022794
200,0.021194
200,0.020400
200,0.016885
200,0.025564
200,0.021875
200,0.022992
200,0.032615
200,0.016702
200,0.019852
200,0.019477
200,0.018673
200,0.016409
200,0.016645
200,0.016126
200,0.025415
200,0.020334
200,0.018257
200,0.020415
200,0.016873
200,0.018681
200,0.019732
200,0.018976
200,0.021664
200,0.021706
200,0.020686
200,0.016049
200,0.016473
200,0.017823
200,0.019905
200,0.018777
200,0.018397
